<?xml version="1.0" encoding="UTF-8"?><gpx creator="Wikiloc - https://www.wikiloc.com" version="1.1" xmlns="http://www.topografix.com/GPX/1/1" xmlns:xsi="http://www.w3.org/2001/XMLSchema-instance" xsi:schemaLocation="http://www.topografix.com/GPX/1/1 http://www.topografix.com/GPX/1/1/gpx.xsd"><metadata><name>Wikiloc - صعود قله سلا</name><author><name>فرشید قدیریان</name><link href="https://www.wikiloc.com/wikiloc/user.do?id=218247"><text>فرشید قدیریان on Wikiloc</text></link></author><link href="https://www.wikiloc.com/hiking-trails/swd-qlh-sl-287928049"><text>صعود قله سلا on Wikiloc</text></link><time>2026-09-25T08:22:53Z</time></metadata><trk><name>صعود قله سلا - Wikiloc</name><cmt></cmt><desc></desc><trkseg><trkpt lat="32.721108" lon="51.507379"><ele>1763.282</ele><time>2026-09-25T02:38:28Z</time></trkpt><trkpt lat="32.721108" lon="51.507378"><ele>1763.243</ele><time>2026-09-25T02:38:29Z</time></trkpt><trkpt lat="32.721270" lon="51.507292"><ele>1765.117</ele><time>2026-09-25T02:40:53Z</time></trkpt><trkpt lat="32.721222" lon="51.507145"><ele>1766.509</ele><time>2026-09-25T02:41:08Z</time></trkpt><trkpt lat="32.721201" lon="51.507097"><ele>1767.040</ele><time>2026-09-25T02:41:20Z</time></trkpt><trkpt lat="32.721200" lon="51.507013"><ele>1766.546</ele><time>2026-09-25T02:41:27Z</time></trkpt><trkpt lat="32.721226" lon="51.506977"><ele>1767.585</ele><time>2026-09-25T02:41:31Z</time></trkpt><trkpt lat="32.721278" lon="51.506888"><ele>1768.987</ele><time>2026-09-25T02:41:45Z</time></trkpt><trkpt lat="32.721319" lon="51.506802"><ele>1769.930</ele><time>2026-09-25T02:41:57Z</time></trkpt><trkpt lat="32.721412" lon="51.506703"><ele>1770.876</ele><time>2026-09-25T02:42:12Z</time></trkpt><trkpt lat="32.721519" lon="51.506653"><ele>1772.368</ele><time>2026-09-25T02:42:26Z</time></trkpt><trkpt lat="32.721549" lon="51.506636"><ele>1772.342</ele><time>2026-09-25T02:42:30Z</time></trkpt><trkpt lat="32.721641" lon="51.506539"><ele>1774.257</ele><time>2026-09-25T02:42:45Z</time></trkpt><trkpt lat="32.721741" lon="51.506484"><ele>1775.221</ele><time>2026-09-25T02:42:59Z</time></trkpt><trkpt lat="32.721775" lon="51.506466"><ele>1775.641</ele><time>2026-09-25T02:43:05Z</time></trkpt><trkpt lat="32.721794" lon="51.506463"><ele>1776.605</ele><time>2026-09-25T02:43:07Z</time></trkpt><trkpt lat="32.721897" lon="51.506403"><ele>1777.109</ele><time>2026-09-25T02:43:22Z</time></trkpt><trkpt lat="32.721934" lon="51.506390"><ele>1777.694</ele><time>2026-09-25T02:43:26Z</time></trkpt><trkpt lat="32.721962" lon="51.506375"><ele>1778.580</ele><time>2026-09-25T02:43:29Z</time></trkpt><trkpt lat="32.722068" lon="51.506312"><ele>1780.549</ele><time>2026-09-25T02:43:42Z</time></trkpt><trkpt lat="32.722152" lon="51.506248"><ele>1780.981</ele><time>2026-09-25T02:43:53Z</time></trkpt><trkpt lat="32.722269" lon="51.506148"><ele>1782.964</ele><time>2026-09-25T02:44:09Z</time></trkpt><trkpt lat="32.722321" lon="51.506157"><ele>1783.810</ele><time>2026-09-25T02:44:24Z</time></trkpt><trkpt lat="32.722404" lon="51.506129"><ele>1783.832</ele><time>2026-09-25T02:44:36Z</time></trkpt><trkpt lat="32.722428" lon="51.506096"><ele>1783.816</ele><time>2026-09-25T02:44:49Z</time></trkpt><trkpt lat="32.722458" lon="51.506084"><ele>1783.821</ele><time>2026-09-25T02:45:03Z</time></trkpt><trkpt lat="32.722552" lon="51.506030"><ele>1785.742</ele><time>2026-09-25T02:45:16Z</time></trkpt><trkpt lat="32.722654" lon="51.505983"><ele>1787.722</ele><time>2026-09-25T02:45:29Z</time></trkpt><trkpt lat="32.722694" lon="51.505956"><ele>1788.614</ele><time>2026-09-25T02:45:35Z</time></trkpt><trkpt lat="32.722788" lon="51.505903"><ele>1790.109</ele><time>2026-09-25T02:45:48Z</time></trkpt><trkpt lat="32.722836" lon="51.505897"><ele>1791.576</ele><time>2026-09-25T02:45:58Z</time></trkpt><trkpt lat="32.722852" lon="51.505893"><ele>1793.442</ele><time>2026-09-25T02:46:02Z</time></trkpt><trkpt lat="32.722938" lon="51.505825"><ele>1791.551</ele><time>2026-09-25T02:46:12Z</time></trkpt><trkpt lat="32.722970" lon="51.505832"><ele>1792.083</ele><time>2026-09-25T02:46:17Z</time></trkpt><trkpt lat="32.723053" lon="51.505855"><ele>1793.926</ele><time>2026-09-25T02:46:29Z</time></trkpt><trkpt lat="32.723109" lon="51.505873"><ele>1794.912</ele><time>2026-09-25T02:46:41Z</time></trkpt><trkpt lat="32.723198" lon="51.505896"><ele>1795.844</ele><time>2026-09-25T02:46:53Z</time></trkpt><trkpt lat="32.723266" lon="51.505914"><ele>1796.378</ele><time>2026-09-25T02:47:05Z</time></trkpt><trkpt lat="32.723309" lon="51.505945"><ele>1797.343</ele><time>2026-09-25T02:47:15Z</time></trkpt><trkpt lat="32.723380" lon="51.505919"><ele>1798.249</ele><time>2026-09-25T02:47:27Z</time></trkpt><trkpt lat="32.723442" lon="51.505885"><ele>1799.202</ele><time>2026-09-25T02:47:38Z</time></trkpt><trkpt lat="32.723518" lon="51.505832"><ele>1800.622</ele><time>2026-09-25T02:47:51Z</time></trkpt><trkpt lat="32.723594" lon="51.505770"><ele>1802.109</ele><time>2026-09-25T02:48:04Z</time></trkpt><trkpt lat="32.723668" lon="51.505710"><ele>1802.156</ele><time>2026-09-25T02:48:17Z</time></trkpt><trkpt lat="32.723701" lon="51.505695"><ele>1803.062</ele><time>2026-09-25T02:48:42Z</time></trkpt><trkpt lat="32.723693" lon="51.505698"><ele>1804.041</ele><time>2026-09-25T02:50:22Z</time></trkpt><trkpt lat="32.723707" lon="51.505689"><ele>1804.523</ele><time>2026-09-25T02:50:26Z</time></trkpt><trkpt lat="32.723737" lon="51.505674"><ele>1804.536</ele><time>2026-09-25T02:50:40Z</time></trkpt><trkpt lat="32.723801" lon="51.505621"><ele>1805.462</ele><time>2026-09-25T02:50:51Z</time></trkpt><trkpt lat="32.723844" lon="51.505592"><ele>1806.424</ele><time>2026-09-25T02:51:05Z</time></trkpt><trkpt lat="32.723924" lon="51.505534"><ele>1808.838</ele><time>2026-09-25T02:52:01Z</time></trkpt><trkpt lat="32.723967" lon="51.505498"><ele>1809.873</ele><time>2026-09-25T02:52:12Z</time></trkpt><trkpt lat="32.724027" lon="51.505446"><ele>1810.359</ele><time>2026-09-25T02:52:24Z</time></trkpt><trkpt lat="32.724092" lon="51.505396"><ele>1811.203</ele><time>2026-09-25T02:52:36Z</time></trkpt><trkpt lat="32.724160" lon="51.505345"><ele>1813.123</ele><time>2026-09-25T02:52:48Z</time></trkpt><trkpt lat="32.724244" lon="51.505290"><ele>1814.609</ele><time>2026-09-25T02:53:01Z</time></trkpt><trkpt lat="32.724306" lon="51.505232"><ele>1816.037</ele><time>2026-09-25T02:53:14Z</time></trkpt><trkpt lat="32.724366" lon="51.505192"><ele>1817.573</ele><time>2026-09-25T02:53:25Z</time></trkpt><trkpt lat="32.724436" lon="51.505140"><ele>1818.952</ele><time>2026-09-25T02:53:37Z</time></trkpt><trkpt lat="32.724509" lon="51.505080"><ele>1820.334</ele><time>2026-09-25T02:53:50Z</time></trkpt><trkpt lat="32.724590" lon="51.505023"><ele>1821.837</ele><time>2026-09-25T02:54:03Z</time></trkpt><trkpt lat="32.724672" lon="51.504964"><ele>1823.723</ele><time>2026-09-25T02:54:18Z</time></trkpt><trkpt lat="32.724738" lon="51.504914"><ele>1824.725</ele><time>2026-09-25T02:54:30Z</time></trkpt><trkpt lat="32.724815" lon="51.504840"><ele>1827.129</ele><time>2026-09-25T02:54:44Z</time></trkpt><trkpt lat="32.724893" lon="51.504785"><ele>1828.094</ele><time>2026-09-25T02:54:56Z</time></trkpt><trkpt lat="32.724975" lon="51.504734"><ele>1830.043</ele><time>2026-09-25T02:55:08Z</time></trkpt><trkpt lat="32.724998" lon="51.504710"><ele>1830.464</ele><time>2026-09-25T02:55:12Z</time></trkpt><trkpt lat="32.725069" lon="51.504670"><ele>1831.910</ele><time>2026-09-25T02:55:21Z</time></trkpt><trkpt lat="32.725090" lon="51.504654"><ele>1833.309</ele><time>2026-09-25T02:55:24Z</time></trkpt><trkpt lat="32.725104" lon="51.504641"><ele>1833.886</ele><time>2026-09-25T02:55:26Z</time></trkpt><trkpt lat="32.725214" lon="51.504588"><ele>1834.882</ele><time>2026-09-25T02:55:40Z</time></trkpt><trkpt lat="32.725303" lon="51.504573"><ele>1836.761</ele><time>2026-09-25T02:55:53Z</time></trkpt><trkpt lat="32.725390" lon="51.504563"><ele>1837.733</ele><time>2026-09-25T02:56:06Z</time></trkpt><trkpt lat="32.725411" lon="51.504559"><ele>1838.196</ele><time>2026-09-25T02:56:18Z</time></trkpt><trkpt lat="32.725472" lon="51.504559"><ele>1839.172</ele><time>2026-09-25T02:56:32Z</time></trkpt><trkpt lat="32.725524" lon="51.504558"><ele>1840.574</ele><time>2026-09-25T02:56:38Z</time></trkpt><trkpt lat="32.725561" lon="51.504561"><ele>1841.088</ele><time>2026-09-25T02:56:43Z</time></trkpt><trkpt lat="32.725668" lon="51.504537"><ele>1842.983</ele><time>2026-09-25T02:56:56Z</time></trkpt><trkpt lat="32.725757" lon="51.504524"><ele>1843.975</ele><time>2026-09-25T02:57:08Z</time></trkpt><trkpt lat="32.725855" lon="51.504538"><ele>1846.828</ele><time>2026-09-25T02:57:21Z</time></trkpt><trkpt lat="32.725981" lon="51.504522"><ele>1848.720</ele><time>2026-09-25T02:57:35Z</time></trkpt><trkpt lat="32.726064" lon="51.504527"><ele>1850.609</ele><time>2026-09-25T02:57:47Z</time></trkpt><trkpt lat="32.726162" lon="51.504520"><ele>1851.669</ele><time>2026-09-25T02:58:00Z</time></trkpt><trkpt lat="32.726243" lon="51.504515"><ele>1853.585</ele><time>2026-09-25T02:58:11Z</time></trkpt><trkpt lat="32.726312" lon="51.504493"><ele>1854.524</ele><time>2026-09-25T02:58:23Z</time></trkpt><trkpt lat="32.726426" lon="51.504485"><ele>1856.986</ele><time>2026-09-25T02:58:37Z</time></trkpt><trkpt lat="32.726521" lon="51.504482"><ele>1857.819</ele><time>2026-09-25T02:58:50Z</time></trkpt><trkpt lat="32.726546" lon="51.504490"><ele>1859.335</ele><time>2026-09-25T02:58:53Z</time></trkpt><trkpt lat="32.726633" lon="51.504457"><ele>1860.287</ele><time>2026-09-25T02:59:05Z</time></trkpt><trkpt lat="32.726727" lon="51.504433"><ele>1862.261</ele><time>2026-09-25T02:59:18Z</time></trkpt><trkpt lat="32.726814" lon="51.504409"><ele>1863.636</ele><time>2026-09-25T02:59:30Z</time></trkpt><trkpt lat="32.726836" lon="51.504407"><ele>1864.154</ele><time>2026-09-25T02:59:33Z</time></trkpt><trkpt lat="32.726936" lon="51.504391"><ele>1865.556</ele><time>2026-09-25T02:59:46Z</time></trkpt><trkpt lat="32.727032" lon="51.504367"><ele>1867.511</ele><time>2026-09-25T03:00:00Z</time></trkpt><trkpt lat="32.727038" lon="51.504366"><ele>1867.509</ele><time>2026-09-25T03:00:01Z</time></trkpt><trkpt lat="32.727106" lon="51.504330"><ele>1869.427</ele><time>2026-09-25T03:00:13Z</time></trkpt><trkpt lat="32.727161" lon="51.504292"><ele>1871.393</ele><time>2026-09-25T03:00:26Z</time></trkpt><trkpt lat="32.727207" lon="51.504260"><ele>1872.392</ele><time>2026-09-25T03:00:36Z</time></trkpt><trkpt lat="32.727263" lon="51.504239"><ele>1873.254</ele><time>2026-09-25T03:00:47Z</time></trkpt><trkpt lat="32.727332" lon="51.504197"><ele>1874.267</ele><time>2026-09-25T03:00:58Z</time></trkpt><trkpt lat="32.727391" lon="51.504178"><ele>1875.643</ele><time>2026-09-25T03:01:10Z</time></trkpt><trkpt lat="32.727464" lon="51.504116"><ele>1877.115</ele><time>2026-09-25T03:01:23Z</time></trkpt><trkpt lat="32.727538" lon="51.504081"><ele>1879.589</ele><time>2026-09-25T03:01:37Z</time></trkpt><trkpt lat="32.727604" lon="51.504062"><ele>1880.924</ele><time>2026-09-25T03:01:49Z</time></trkpt><trkpt lat="32.727670" lon="51.503998"><ele>1882.431</ele><time>2026-09-25T03:02:01Z</time></trkpt><trkpt lat="32.727739" lon="51.503934"><ele>1884.361</ele><time>2026-09-25T03:02:14Z</time></trkpt><trkpt lat="32.727800" lon="51.503908"><ele>1886.207</ele><time>2026-09-25T03:02:27Z</time></trkpt><trkpt lat="32.727857" lon="51.503860"><ele>1887.609</ele><time>2026-09-25T03:02:38Z</time></trkpt><trkpt lat="32.727931" lon="51.503800"><ele>1889.185</ele><time>2026-09-25T03:02:49Z</time></trkpt><trkpt lat="32.728015" lon="51.503821"><ele>1889.671</ele><time>2026-09-25T03:03:00Z</time></trkpt><trkpt lat="32.728064" lon="51.503811"><ele>1890.550</ele><time>2026-09-25T03:03:05Z</time></trkpt><trkpt lat="32.728135" lon="51.503852"><ele>1892.082</ele><time>2026-09-25T03:03:17Z</time></trkpt><trkpt lat="32.728179" lon="51.503877"><ele>1893.415</ele><time>2026-09-25T03:03:23Z</time></trkpt><trkpt lat="32.728282" lon="51.503898"><ele>1893.951</ele><time>2026-09-25T03:03:36Z</time></trkpt><trkpt lat="32.728315" lon="51.503903"><ele>1895.333</ele><time>2026-09-25T03:03:40Z</time></trkpt><trkpt lat="32.728430" lon="51.503909"><ele>1895.337</ele><time>2026-09-25T03:03:54Z</time></trkpt><trkpt lat="32.728460" lon="51.503914"><ele>1895.382</ele><time>2026-09-25T03:03:58Z</time></trkpt><trkpt lat="32.728531" lon="51.503943"><ele>1896.861</ele><time>2026-09-25T03:04:09Z</time></trkpt><trkpt lat="32.728537" lon="51.503941"><ele>1897.321</ele><time>2026-09-25T03:04:10Z</time></trkpt><trkpt lat="32.728601" lon="51.503955"><ele>1896.313</ele><time>2026-09-25T03:04:19Z</time></trkpt><trkpt lat="32.728692" lon="51.503971"><ele>1897.709</ele><time>2026-09-25T03:04:31Z</time></trkpt><trkpt lat="32.728709" lon="51.503974"><ele>1897.788</ele><time>2026-09-25T03:04:34Z</time></trkpt><trkpt lat="32.728795" lon="51.503981"><ele>1898.714</ele><time>2026-09-25T03:04:46Z</time></trkpt><trkpt lat="32.728885" lon="51.503982"><ele>1899.793</ele><time>2026-09-25T03:04:58Z</time></trkpt><trkpt lat="32.728988" lon="51.503983"><ele>1901.195</ele><time>2026-09-25T03:05:10Z</time></trkpt><trkpt lat="32.729080" lon="51.503984"><ele>1901.638</ele><time>2026-09-25T03:05:22Z</time></trkpt><trkpt lat="32.729088" lon="51.503983"><ele>1903.074</ele><time>2026-09-25T03:05:23Z</time></trkpt><trkpt lat="32.729143" lon="51.503989"><ele>1902.536</ele><time>2026-09-25T03:05:30Z</time></trkpt><trkpt lat="32.729216" lon="51.504024"><ele>1904.990</ele><time>2026-09-25T03:05:43Z</time></trkpt><trkpt lat="32.729235" lon="51.504034"><ele>1905.415</ele><time>2026-09-25T03:05:46Z</time></trkpt><trkpt lat="32.729342" lon="51.504043"><ele>1905.949</ele><time>2026-09-25T03:06:00Z</time></trkpt><trkpt lat="32.729425" lon="51.504054"><ele>1905.902</ele><time>2026-09-25T03:06:11Z</time></trkpt><trkpt lat="32.729493" lon="51.504079"><ele>1908.322</ele><time>2026-09-25T03:06:22Z</time></trkpt><trkpt lat="32.729575" lon="51.504078"><ele>1908.809</ele><time>2026-09-25T03:06:34Z</time></trkpt><trkpt lat="32.729666" lon="51.504066"><ele>1910.286</ele><time>2026-09-25T03:06:47Z</time></trkpt><trkpt lat="32.729726" lon="51.504075"><ele>1910.722</ele><time>2026-09-25T03:06:55Z</time></trkpt><trkpt lat="32.729805" lon="51.504070"><ele>1911.711</ele><time>2026-09-25T03:07:06Z</time></trkpt><trkpt lat="32.729867" lon="51.504040"><ele>1913.113</ele><time>2026-09-25T03:07:19Z</time></trkpt><trkpt lat="32.729954" lon="51.504033"><ele>1913.646</ele><time>2026-09-25T03:07:31Z</time></trkpt><trkpt lat="32.730025" lon="51.504041"><ele>1914.182</ele><time>2026-09-25T03:07:43Z</time></trkpt><trkpt lat="32.730084" lon="51.504038"><ele>1914.164</ele><time>2026-09-25T03:07:52Z</time></trkpt><trkpt lat="32.730157" lon="51.504026"><ele>1915.098</ele><time>2026-09-25T03:08:03Z</time></trkpt><trkpt lat="32.730172" lon="51.504013"><ele>1915.093</ele><time>2026-09-25T03:08:05Z</time></trkpt><trkpt lat="32.730218" lon="51.503963"><ele>1916.068</ele><time>2026-09-25T03:08:13Z</time></trkpt><trkpt lat="32.730311" lon="51.503939"><ele>1917.442</ele><time>2026-09-25T03:08:26Z</time></trkpt><trkpt lat="32.730422" lon="51.503930"><ele>1920.326</ele><time>2026-09-25T03:11:45Z</time></trkpt><trkpt lat="32.730493" lon="51.503931"><ele>1922.209</ele><time>2026-09-25T03:12:45Z</time></trkpt><trkpt lat="32.730549" lon="51.503920"><ele>1922.768</ele><time>2026-09-25T03:12:56Z</time></trkpt><trkpt lat="32.730592" lon="51.503873"><ele>1924.754</ele><time>2026-09-25T03:13:08Z</time></trkpt><trkpt lat="32.730670" lon="51.503825"><ele>1926.153</ele><time>2026-09-25T03:13:21Z</time></trkpt><trkpt lat="32.730740" lon="51.503820"><ele>1928.015</ele><time>2026-09-25T03:13:33Z</time></trkpt><trkpt lat="32.730787" lon="51.503840"><ele>1929.038</ele><time>2026-09-25T03:13:45Z</time></trkpt><trkpt lat="32.730844" lon="51.503815"><ele>1930.444</ele><time>2026-09-25T03:13:56Z</time></trkpt><trkpt lat="32.730906" lon="51.503805"><ele>1931.936</ele><time>2026-09-25T03:14:08Z</time></trkpt><trkpt lat="32.730965" lon="51.503797"><ele>1933.380</ele><time>2026-09-25T03:14:19Z</time></trkpt><trkpt lat="32.731043" lon="51.503775"><ele>1935.275</ele><time>2026-09-25T03:14:31Z</time></trkpt><trkpt lat="32.731089" lon="51.503759"><ele>1937.178</ele><time>2026-09-25T03:14:42Z</time></trkpt><trkpt lat="32.731150" lon="51.503732"><ele>1939.133</ele><time>2026-09-25T03:14:53Z</time></trkpt><trkpt lat="32.731177" lon="51.503725"><ele>1940.026</ele><time>2026-09-25T03:15:04Z</time></trkpt><trkpt lat="32.731238" lon="51.503618"><ele>1942.009</ele><time>2026-09-25T03:15:17Z</time></trkpt><trkpt lat="32.731310" lon="51.503526"><ele>1942.919</ele><time>2026-09-25T03:15:31Z</time></trkpt><trkpt lat="32.731355" lon="51.503503"><ele>1943.995</ele><time>2026-09-25T03:15:44Z</time></trkpt><trkpt lat="32.731400" lon="51.503450"><ele>1945.334</ele><time>2026-09-25T03:15:53Z</time></trkpt><trkpt lat="32.731482" lon="51.503390"><ele>1946.816</ele><time>2026-09-25T03:16:05Z</time></trkpt><trkpt lat="32.731520" lon="51.503343"><ele>1948.289</ele><time>2026-09-25T03:16:16Z</time></trkpt><trkpt lat="32.731583" lon="51.503291"><ele>1949.615</ele><time>2026-09-25T03:16:28Z</time></trkpt><trkpt lat="32.731613" lon="51.503245"><ele>1951.167</ele><time>2026-09-25T03:16:39Z</time></trkpt><trkpt lat="32.731621" lon="51.503189"><ele>1952.521</ele><time>2026-09-25T03:16:52Z</time></trkpt><trkpt lat="32.731679" lon="51.503128"><ele>1954.966</ele><time>2026-09-25T03:17:04Z</time></trkpt><trkpt lat="32.731723" lon="51.503090"><ele>1955.915</ele><time>2026-09-25T03:17:15Z</time></trkpt><trkpt lat="32.731780" lon="51.503038"><ele>1958.365</ele><time>2026-09-25T03:17:28Z</time></trkpt><trkpt lat="32.731823" lon="51.502987"><ele>1960.211</ele><time>2026-09-25T03:17:41Z</time></trkpt><trkpt lat="32.731890" lon="51.502951"><ele>1962.109</ele><time>2026-09-25T03:17:53Z</time></trkpt><trkpt lat="32.731913" lon="51.502939"><ele>1963.693</ele><time>2026-09-25T03:18:04Z</time></trkpt><trkpt lat="32.731926" lon="51.502895"><ele>1965.019</ele><time>2026-09-25T03:18:15Z</time></trkpt><trkpt lat="32.731997" lon="51.502854"><ele>1966.528</ele><time>2026-09-25T03:18:28Z</time></trkpt><trkpt lat="32.732019" lon="51.502786"><ele>1967.460</ele><time>2026-09-25T03:18:39Z</time></trkpt><trkpt lat="32.732053" lon="51.502746"><ele>1970.343</ele><time>2026-09-25T03:18:51Z</time></trkpt><trkpt lat="32.732114" lon="51.502712"><ele>1971.329</ele><time>2026-09-25T03:19:02Z</time></trkpt><trkpt lat="32.732178" lon="51.502714"><ele>1972.251</ele><time>2026-09-25T03:19:13Z</time></trkpt><trkpt lat="32.732225" lon="51.502679"><ele>1974.685</ele><time>2026-09-25T03:19:22Z</time></trkpt><trkpt lat="32.732280" lon="51.502636"><ele>1974.610</ele><time>2026-09-25T03:19:33Z</time></trkpt><trkpt lat="32.732358" lon="51.502605"><ele>1976.163</ele><time>2026-09-25T03:19:45Z</time></trkpt><trkpt lat="32.732418" lon="51.502592"><ele>1977.544</ele><time>2026-09-25T03:19:56Z</time></trkpt><trkpt lat="32.732452" lon="51.502537"><ele>1978.518</ele><time>2026-09-25T03:20:07Z</time></trkpt><trkpt lat="32.732497" lon="51.502496"><ele>1979.909</ele><time>2026-09-25T03:20:19Z</time></trkpt><trkpt lat="32.732540" lon="51.502446"><ele>1983.318</ele><time>2026-09-25T03:20:32Z</time></trkpt><trkpt lat="32.732536" lon="51.502370"><ele>1983.814</ele><time>2026-09-25T03:20:43Z</time></trkpt><trkpt lat="32.732506" lon="51.502307"><ele>1984.753</ele><time>2026-09-25T03:20:54Z</time></trkpt><trkpt lat="32.732537" lon="51.502243"><ele>1986.725</ele><time>2026-09-25T03:21:06Z</time></trkpt><trkpt lat="32.732561" lon="51.502201"><ele>1988.138</ele><time>2026-09-25T03:21:17Z</time></trkpt><trkpt lat="32.732574" lon="51.502139"><ele>1990.094</ele><time>2026-09-25T03:21:27Z</time></trkpt><trkpt lat="32.732626" lon="51.502098"><ele>1991.916</ele><time>2026-09-25T03:21:36Z</time></trkpt><trkpt lat="32.732675" lon="51.502046"><ele>1992.440</ele><time>2026-09-25T03:21:47Z</time></trkpt><trkpt lat="32.732711" lon="51.502012"><ele>1994.315</ele><time>2026-09-25T03:21:58Z</time></trkpt><trkpt lat="32.732777" lon="51.502002"><ele>1995.388</ele><time>2026-09-25T03:22:10Z</time></trkpt><trkpt lat="32.732789" lon="51.501956"><ele>1997.224</ele><time>2026-09-25T03:22:22Z</time></trkpt><trkpt lat="32.732841" lon="51.501918"><ele>1998.726</ele><time>2026-09-25T03:22:33Z</time></trkpt><trkpt lat="32.732892" lon="51.501886"><ele>2000.609</ele><time>2026-09-25T03:22:45Z</time></trkpt><trkpt lat="32.732909" lon="51.501868"><ele>2002.010</ele><time>2026-09-25T03:22:55Z</time></trkpt><trkpt lat="32.732925" lon="51.501862"><ele>2003.586</ele><time>2026-09-25T03:22:58Z</time></trkpt><trkpt lat="32.733001" lon="51.501882"><ele>2004.445</ele><time>2026-09-25T03:23:10Z</time></trkpt><trkpt lat="32.733018" lon="51.501886"><ele>2004.477</ele><time>2026-09-25T03:23:23Z</time></trkpt><trkpt lat="32.733063" lon="51.501875"><ele>2006.410</ele><time>2026-09-25T03:23:34Z</time></trkpt><trkpt lat="32.733129" lon="51.501862"><ele>2007.886</ele><time>2026-09-25T03:23:45Z</time></trkpt><trkpt lat="32.733183" lon="51.501859"><ele>2010.268</ele><time>2026-09-25T03:23:56Z</time></trkpt><trkpt lat="32.733213" lon="51.501832"><ele>2012.692</ele><time>2026-09-25T03:24:08Z</time></trkpt><trkpt lat="32.733218" lon="51.501830"><ele>2012.137</ele><time>2026-09-25T03:24:09Z</time></trkpt><trkpt lat="32.733270" lon="51.501810"><ele>2014.149</ele><time>2026-09-25T03:24:20Z</time></trkpt><trkpt lat="32.733307" lon="51.501776"><ele>2016.002</ele><time>2026-09-25T03:24:31Z</time></trkpt><trkpt lat="32.733367" lon="51.501741"><ele>2017.922</ele><time>2026-09-25T03:24:44Z</time></trkpt><trkpt lat="32.733396" lon="51.501750"><ele>2018.409</ele><time>2026-09-25T03:24:48Z</time></trkpt><trkpt lat="32.733447" lon="51.501705"><ele>2020.336</ele><time>2026-09-25T03:24:55Z</time></trkpt><trkpt lat="32.733483" lon="51.501652"><ele>2021.312</ele><time>2026-09-25T03:25:02Z</time></trkpt><trkpt lat="32.733535" lon="51.501612"><ele>2024.611</ele><time>2026-09-25T03:25:09Z</time></trkpt><trkpt lat="32.733542" lon="51.501610"><ele>2024.113</ele><time>2026-09-25T03:25:10Z</time></trkpt><trkpt lat="32.733554" lon="51.501593"><ele>2024.676</ele><time>2026-09-25T03:25:12Z</time></trkpt><trkpt lat="32.733586" lon="51.501592"><ele>2025.112</ele><time>2026-09-25T03:25:15Z</time></trkpt><trkpt lat="32.733613" lon="51.501561"><ele>2026.134</ele><time>2026-09-25T03:25:19Z</time></trkpt><trkpt lat="32.733625" lon="51.501497"><ele>2028.088</ele><time>2026-09-25T03:25:26Z</time></trkpt><trkpt lat="32.733620" lon="51.501470"><ele>2029.083</ele><time>2026-09-25T03:25:29Z</time></trkpt><trkpt lat="32.733641" lon="51.501471"><ele>2029.496</ele><time>2026-09-25T03:25:31Z</time></trkpt><trkpt lat="32.733750" lon="51.501439"><ele>2033.831</ele><time>2026-09-25T03:25:43Z</time></trkpt><trkpt lat="32.733765" lon="51.501457"><ele>2033.824</ele><time>2026-09-25T03:25:46Z</time></trkpt><trkpt lat="32.733822" lon="51.501467"><ele>2035.709</ele><time>2026-09-25T03:25:52Z</time></trkpt><trkpt lat="32.733858" lon="51.501506"><ele>2036.611</ele><time>2026-09-25T03:25:56Z</time></trkpt><trkpt lat="32.733897" lon="51.501533"><ele>2037.157</ele><time>2026-09-25T03:26:00Z</time></trkpt><trkpt lat="32.733920" lon="51.501520"><ele>2038.146</ele><time>2026-09-25T03:26:03Z</time></trkpt><trkpt lat="32.733937" lon="51.501516"><ele>2038.648</ele><time>2026-09-25T03:26:05Z</time></trkpt><trkpt lat="32.733984" lon="51.501534"><ele>2041.051</ele><time>2026-09-25T03:26:09Z</time></trkpt><trkpt lat="32.734006" lon="51.501582"><ele>2041.537</ele><time>2026-09-25T03:26:13Z</time></trkpt><trkpt lat="32.734031" lon="51.501634"><ele>2043.479</ele><time>2026-09-25T03:26:17Z</time></trkpt><trkpt lat="32.734061" lon="51.501668"><ele>2044.393</ele><time>2026-09-25T03:26:21Z</time></trkpt><trkpt lat="32.734076" lon="51.501697"><ele>2045.338</ele><time>2026-09-25T03:26:24Z</time></trkpt><trkpt lat="32.734096" lon="51.501734"><ele>2046.393</ele><time>2026-09-25T03:26:28Z</time></trkpt><trkpt lat="32.734110" lon="51.501808"><ele>2048.765</ele><time>2026-09-25T03:26:37Z</time></trkpt><trkpt lat="32.734107" lon="51.501812"><ele>2049.621</ele><time>2026-09-25T03:29:28Z</time></trkpt><trkpt lat="32.734146" lon="51.501839"><ele>2051.109</ele><time>2026-09-25T03:30:13Z</time></trkpt><trkpt lat="32.734136" lon="51.501844"><ele>2051.121</ele><time>2026-09-25T03:30:29Z</time></trkpt><trkpt lat="32.734189" lon="51.501887"><ele>2054.487</ele><time>2026-09-25T03:31:30Z</time></trkpt><trkpt lat="32.734228" lon="51.501950"><ele>2053.936</ele><time>2026-09-25T03:31:42Z</time></trkpt><trkpt lat="32.734265" lon="51.501999"><ele>2055.478</ele><time>2026-09-25T03:31:53Z</time></trkpt><trkpt lat="32.734298" lon="51.502094"><ele>2055.961</ele><time>2026-09-25T03:32:05Z</time></trkpt><trkpt lat="32.734300" lon="51.502101"><ele>2055.967</ele><time>2026-09-25T03:32:06Z</time></trkpt><trkpt lat="32.734388" lon="51.502227"><ele>2057.339</ele><time>2026-09-25T03:32:21Z</time></trkpt><trkpt lat="32.734405" lon="51.502333"><ele>2058.323</ele><time>2026-09-25T03:32:32Z</time></trkpt><trkpt lat="32.734438" lon="51.502431"><ele>2059.778</ele><time>2026-09-25T03:32:45Z</time></trkpt><trkpt lat="32.734476" lon="51.502515"><ele>2060.751</ele><time>2026-09-25T03:32:57Z</time></trkpt><trkpt lat="32.734480" lon="51.502521"><ele>2061.201</ele><time>2026-09-25T03:32:58Z</time></trkpt><trkpt lat="32.734539" lon="51.502596"><ele>2062.111</ele><time>2026-09-25T03:33:10Z</time></trkpt><trkpt lat="32.734568" lon="51.502668"><ele>2063.109</ele><time>2026-09-25T03:33:21Z</time></trkpt><trkpt lat="32.734619" lon="51.502758"><ele>2063.197</ele><time>2026-09-25T03:33:34Z</time></trkpt><trkpt lat="32.734683" lon="51.502850"><ele>2064.543</ele><time>2026-09-25T03:33:47Z</time></trkpt><trkpt lat="32.734710" lon="51.502921"><ele>2065.532</ele><time>2026-09-25T03:33:56Z</time></trkpt><trkpt lat="32.734760" lon="51.503013"><ele>2066.494</ele><time>2026-09-25T03:34:09Z</time></trkpt><trkpt lat="32.734771" lon="51.503104"><ele>2067.437</ele><time>2026-09-25T03:34:20Z</time></trkpt><trkpt lat="32.734778" lon="51.503187"><ele>2068.423</ele><time>2026-09-25T03:34:33Z</time></trkpt><trkpt lat="32.734755" lon="51.503228"><ele>2069.375</ele><time>2026-09-25T03:34:46Z</time></trkpt><trkpt lat="32.734749" lon="51.503267"><ele>2071.369</ele><time>2026-09-25T03:35:00Z</time></trkpt><trkpt lat="32.734784" lon="51.503270"><ele>2072.754</ele><time>2026-09-25T03:35:14Z</time></trkpt><trkpt lat="32.734740" lon="51.503324"><ele>2074.132</ele><time>2026-09-25T03:35:26Z</time></trkpt><trkpt lat="32.734771" lon="51.503322"><ele>2076.192</ele><time>2026-09-25T03:35:39Z</time></trkpt><trkpt lat="32.734807" lon="51.503314"><ele>2077.011</ele><time>2026-09-25T03:35:50Z</time></trkpt><trkpt lat="32.734843" lon="51.503311"><ele>2078.009</ele><time>2026-09-25T03:36:00Z</time></trkpt><trkpt lat="32.734862" lon="51.503297"><ele>2079.965</ele><time>2026-09-25T03:36:14Z</time></trkpt><trkpt lat="32.734878" lon="51.503305"><ele>2081.341</ele><time>2026-09-25T03:36:24Z</time></trkpt><trkpt lat="32.734887" lon="51.503280"><ele>2082.360</ele><time>2026-09-25T03:36:35Z</time></trkpt><trkpt lat="32.734911" lon="51.503272"><ele>2083.322</ele><time>2026-09-25T03:36:47Z</time></trkpt><trkpt lat="32.734934" lon="51.503278"><ele>2085.215</ele><time>2026-09-25T03:36:59Z</time></trkpt><trkpt lat="32.734923" lon="51.503334"><ele>2086.641</ele><time>2026-09-25T03:37:12Z</time></trkpt><trkpt lat="32.734964" lon="51.503325"><ele>2088.113</ele><time>2026-09-25T03:37:24Z</time></trkpt><trkpt lat="32.734963" lon="51.503392"><ele>2089.557</ele><time>2026-09-25T03:37:37Z</time></trkpt><trkpt lat="32.734979" lon="51.503435"><ele>2091.072</ele><time>2026-09-25T03:37:47Z</time></trkpt><trkpt lat="32.735013" lon="51.503430"><ele>2093.458</ele><time>2026-09-25T03:38:13Z</time></trkpt><trkpt lat="32.734998" lon="51.503465"><ele>2094.852</ele><time>2026-09-25T03:38:25Z</time></trkpt><trkpt lat="32.735024" lon="51.503502"><ele>2096.217</ele><time>2026-09-25T03:38:36Z</time></trkpt><trkpt lat="32.735045" lon="51.503510"><ele>2096.709</ele><time>2026-09-25T03:38:46Z</time></trkpt><trkpt lat="32.735052" lon="51.503563"><ele>2098.797</ele><time>2026-09-25T03:38:57Z</time></trkpt><trkpt lat="32.735101" lon="51.503593"><ele>2103.973</ele><time>2026-09-25T04:01:24Z</time></trkpt><trkpt lat="32.735129" lon="51.503667"><ele>2104.912</ele><time>2026-09-25T04:02:10Z</time></trkpt><trkpt lat="32.735202" lon="51.503766"><ele>2105.414</ele><time>2026-09-25T04:02:23Z</time></trkpt><trkpt lat="32.735271" lon="51.503828"><ele>2106.817</ele><time>2026-09-25T04:02:59Z</time></trkpt><trkpt lat="32.735267" lon="51.503795"><ele>2107.813</ele><time>2026-09-25T04:03:24Z</time></trkpt><trkpt lat="32.735266" lon="51.503723"><ele>2110.775</ele><time>2026-09-25T04:03:36Z</time></trkpt><trkpt lat="32.735318" lon="51.503715"><ele>2112.199</ele><time>2026-09-25T04:03:47Z</time></trkpt><trkpt lat="32.735313" lon="51.503703"><ele>2114.594</ele><time>2026-09-25T04:04:00Z</time></trkpt><trkpt lat="32.735332" lon="51.503674"><ele>2116.025</ele><time>2026-09-25T04:04:12Z</time></trkpt><trkpt lat="32.735360" lon="51.503693"><ele>2117.426</ele><time>2026-09-25T04:04:23Z</time></trkpt><trkpt lat="32.735364" lon="51.503648"><ele>2118.808</ele><time>2026-09-25T04:04:34Z</time></trkpt><trkpt lat="32.735347" lon="51.503616"><ele>2120.809</ele><time>2026-09-25T04:04:42Z</time></trkpt><trkpt lat="32.735343" lon="51.503551"><ele>2122.234</ele><time>2026-09-25T04:04:55Z</time></trkpt><trkpt lat="32.735387" lon="51.503548"><ele>2123.270</ele><time>2026-09-25T04:05:05Z</time></trkpt><trkpt lat="32.735429" lon="51.503501"><ele>2124.679</ele><time>2026-09-25T04:05:16Z</time></trkpt><trkpt lat="32.735469" lon="51.503538"><ele>2126.081</ele><time>2026-09-25T04:05:27Z</time></trkpt><trkpt lat="32.735477" lon="51.503540"><ele>2126.574</ele><time>2026-09-25T04:05:41Z</time></trkpt><trkpt lat="32.735503" lon="51.503497"><ele>2127.580</ele><time>2026-09-25T04:05:58Z</time></trkpt><trkpt lat="32.735529" lon="51.503481"><ele>2130.452</ele><time>2026-09-25T04:06:10Z</time></trkpt><trkpt lat="32.735559" lon="51.503493"><ele>2131.866</ele><time>2026-09-25T04:06:22Z</time></trkpt><trkpt lat="32.735562" lon="51.503463"><ele>2132.831</ele><time>2026-09-25T04:06:37Z</time></trkpt><trkpt lat="32.735587" lon="51.503475"><ele>2133.719</ele><time>2026-09-25T04:06:43Z</time></trkpt><trkpt lat="32.735646" lon="51.503539"><ele>2135.209</ele><time>2026-09-25T04:06:56Z</time></trkpt><trkpt lat="32.735672" lon="51.503551"><ele>2136.119</ele><time>2026-09-25T04:07:08Z</time></trkpt><trkpt lat="32.735701" lon="51.503542"><ele>2138.509</ele><time>2026-09-25T04:07:20Z</time></trkpt><trkpt lat="32.735712" lon="51.503522"><ele>2140.083</ele><time>2026-09-25T04:07:32Z</time></trkpt><trkpt lat="32.735694" lon="51.503456"><ele>2142.439</ele><time>2026-09-25T04:07:45Z</time></trkpt><trkpt lat="32.735665" lon="51.503404"><ele>2142.998</ele><time>2026-09-25T04:07:54Z</time></trkpt><trkpt lat="32.735681" lon="51.503362"><ele>2144.340</ele><time>2026-09-25T04:08:06Z</time></trkpt><trkpt lat="32.735721" lon="51.503346"><ele>2146.263</ele><time>2026-09-25T04:08:18Z</time></trkpt><trkpt lat="32.735718" lon="51.503338"><ele>2146.219</ele><time>2026-09-25T04:08:19Z</time></trkpt><trkpt lat="32.735730" lon="51.503303"><ele>2147.771</ele><time>2026-09-25T04:08:32Z</time></trkpt><trkpt lat="32.735740" lon="51.503303"><ele>2148.685</ele><time>2026-09-25T04:08:36Z</time></trkpt><trkpt lat="32.735748" lon="51.503241"><ele>2150.150</ele><time>2026-09-25T04:08:49Z</time></trkpt><trkpt lat="32.735780" lon="51.503189"><ele>2151.518</ele><time>2026-09-25T04:09:03Z</time></trkpt><trkpt lat="32.735809" lon="51.503198"><ele>2153.098</ele><time>2026-09-25T04:09:14Z</time></trkpt><trkpt lat="32.735847" lon="51.503205"><ele>2154.417</ele><time>2026-09-25T04:09:23Z</time></trkpt><trkpt lat="32.735884" lon="51.503218"><ele>2155.809</ele><time>2026-09-25T04:09:34Z</time></trkpt><trkpt lat="32.735890" lon="51.503163"><ele>2157.373</ele><time>2026-09-25T04:09:49Z</time></trkpt><trkpt lat="32.735910" lon="51.503176"><ele>2159.249</ele><time>2026-09-25T04:10:03Z</time></trkpt><trkpt lat="32.735928" lon="51.503175"><ele>2160.248</ele><time>2026-09-25T04:10:13Z</time></trkpt><trkpt lat="32.735945" lon="51.503154"><ele>2160.780</ele><time>2026-09-25T04:10:22Z</time></trkpt><trkpt lat="32.735974" lon="51.503165"><ele>2162.123</ele><time>2026-09-25T04:10:35Z</time></trkpt><trkpt lat="32.736016" lon="51.503197"><ele>2163.159</ele><time>2026-09-25T04:10:48Z</time></trkpt><trkpt lat="32.736030" lon="51.503211"><ele>2164.591</ele><time>2026-09-25T04:11:00Z</time></trkpt><trkpt lat="32.736060" lon="51.503214"><ele>2165.065</ele><time>2026-09-25T04:11:13Z</time></trkpt><trkpt lat="32.736100" lon="51.503251"><ele>2167.980</ele><time>2026-09-25T04:11:25Z</time></trkpt><trkpt lat="32.736106" lon="51.503213"><ele>2169.849</ele><time>2026-09-25T04:11:37Z</time></trkpt><trkpt lat="32.736112" lon="51.503189"><ele>2169.802</ele><time>2026-09-25T04:11:47Z</time></trkpt><trkpt lat="32.736125" lon="51.503163"><ele>2171.722</ele><time>2026-09-25T04:11:55Z</time></trkpt><trkpt lat="32.736130" lon="51.503154"><ele>2171.709</ele><time>2026-09-25T04:12:10Z</time></trkpt><trkpt lat="32.736130" lon="51.503150"><ele>2172.276</ele><time>2026-09-25T04:12:41Z</time></trkpt><trkpt lat="32.736121" lon="51.503145"><ele>2173.642</ele><time>2026-09-25T04:12:46Z</time></trkpt><trkpt lat="32.736128" lon="51.503143"><ele>2171.721</ele><time>2026-09-25T04:13:04Z</time></trkpt><trkpt lat="32.736143" lon="51.503137"><ele>2171.773</ele><time>2026-09-25T04:13:30Z</time></trkpt><trkpt lat="32.736140" lon="51.503154"><ele>2173.256</ele><time>2026-09-25T04:13:34Z</time></trkpt><trkpt lat="32.736145" lon="51.503119"><ele>2174.622</ele><time>2026-09-25T04:13:42Z</time></trkpt><trkpt lat="32.736165" lon="51.503118"><ele>2176.074</ele><time>2026-09-25T04:13:52Z</time></trkpt><trkpt lat="32.736174" lon="51.503094"><ele>2177.098</ele><time>2026-09-25T04:14:05Z</time></trkpt><trkpt lat="32.736181" lon="51.503062"><ele>2177.013</ele><time>2026-09-25T04:14:15Z</time></trkpt><trkpt lat="32.736177" lon="51.503025"><ele>2178.973</ele><time>2026-09-25T04:14:28Z</time></trkpt><trkpt lat="32.736179" lon="51.503003"><ele>2178.485</ele><time>2026-09-25T04:14:33Z</time></trkpt><trkpt lat="32.736183" lon="51.502963"><ele>2180.813</ele><time>2026-09-25T04:14:48Z</time></trkpt><trkpt lat="32.736192" lon="51.502964"><ele>2180.809</ele><time>2026-09-25T04:14:58Z</time></trkpt><trkpt lat="32.736182" lon="51.502942"><ele>2181.839</ele><time>2026-09-25T04:15:14Z</time></trkpt><trkpt lat="32.736215" lon="51.502935"><ele>2183.755</ele><time>2026-09-25T04:15:28Z</time></trkpt><trkpt lat="32.736241" lon="51.502920"><ele>2186.114</ele><time>2026-09-25T04:15:38Z</time></trkpt><trkpt lat="32.736252" lon="51.502901"><ele>2187.686</ele><time>2026-09-25T04:15:50Z</time></trkpt><trkpt lat="32.736267" lon="51.502921"><ele>2188.579</ele><time>2026-09-25T04:16:03Z</time></trkpt><trkpt lat="32.736285" lon="51.502946"><ele>2189.565</ele><time>2026-09-25T04:16:15Z</time></trkpt><trkpt lat="32.736278" lon="51.502938"><ele>2190.927</ele><time>2026-09-25T04:16:21Z</time></trkpt><trkpt lat="32.736310" lon="51.502951"><ele>2191.441</ele><time>2026-09-25T04:16:32Z</time></trkpt><trkpt lat="32.736339" lon="51.502976"><ele>2193.396</ele><time>2026-09-25T04:16:44Z</time></trkpt><trkpt lat="32.736367" lon="51.503007"><ele>2194.312</ele><time>2026-09-25T04:16:57Z</time></trkpt><trkpt lat="32.736386" lon="51.503029"><ele>2195.332</ele><time>2026-09-25T04:17:10Z</time></trkpt><trkpt lat="32.736395" lon="51.503035"><ele>2197.205</ele><time>2026-09-25T04:17:21Z</time></trkpt><trkpt lat="32.736399" lon="51.502981"><ele>2198.109</ele><time>2026-09-25T04:17:37Z</time></trkpt><trkpt lat="32.736411" lon="51.502930"><ele>2200.193</ele><time>2026-09-25T04:17:49Z</time></trkpt><trkpt lat="32.736432" lon="51.502898"><ele>2200.589</ele><time>2026-09-25T04:18:04Z</time></trkpt><trkpt lat="32.736449" lon="51.502918"><ele>2202.518</ele><time>2026-09-25T04:18:15Z</time></trkpt><trkpt lat="32.736448" lon="51.502914"><ele>2203.010</ele><time>2026-09-25T04:18:32Z</time></trkpt><trkpt lat="32.736476" lon="51.502944"><ele>2204.913</ele><time>2026-09-25T04:18:43Z</time></trkpt><trkpt lat="32.736484" lon="51.502984"><ele>2206.319</ele><time>2026-09-25T04:18:55Z</time></trkpt><trkpt lat="32.736504" lon="51.503001"><ele>2206.861</ele><time>2026-09-25T04:19:01Z</time></trkpt><trkpt lat="32.736531" lon="51.503050"><ele>2207.835</ele><time>2026-09-25T04:19:11Z</time></trkpt><trkpt lat="32.736547" lon="51.503076"><ele>2209.270</ele><time>2026-09-25T04:19:23Z</time></trkpt><trkpt lat="32.736557" lon="51.503078"><ele>2210.276</ele><time>2026-09-25T04:19:35Z</time></trkpt><trkpt lat="32.736580" lon="51.503091"><ele>2210.290</ele><time>2026-09-25T04:19:47Z</time></trkpt><trkpt lat="32.736585" lon="51.503045"><ele>2213.019</ele><time>2026-09-25T04:20:01Z</time></trkpt><trkpt lat="32.736581" lon="51.502998"><ele>2214.509</ele><time>2026-09-25T04:20:11Z</time></trkpt><trkpt lat="32.736591" lon="51.502955"><ele>2215.099</ele><time>2026-09-25T04:20:24Z</time></trkpt><trkpt lat="32.736629" lon="51.502979"><ele>2216.995</ele><time>2026-09-25T04:20:36Z</time></trkpt><trkpt lat="32.736672" lon="51.503023"><ele>2217.944</ele><time>2026-09-25T04:20:46Z</time></trkpt><trkpt lat="32.736699" lon="51.503033"><ele>2218.326</ele><time>2026-09-25T04:20:58Z</time></trkpt><trkpt lat="32.736715" lon="51.503055"><ele>2219.869</ele><time>2026-09-25T04:21:13Z</time></trkpt><trkpt lat="32.736750" lon="51.503090"><ele>2221.285</ele><time>2026-09-25T04:21:26Z</time></trkpt><trkpt lat="32.736817" lon="51.503155"><ele>2222.737</ele><time>2026-09-25T04:21:38Z</time></trkpt><trkpt lat="32.736863" lon="51.503222"><ele>2224.181</ele><time>2026-09-25T04:21:49Z</time></trkpt><trkpt lat="32.736885" lon="51.503240"><ele>2224.676</ele><time>2026-09-25T04:22:01Z</time></trkpt><trkpt lat="32.736907" lon="51.503263"><ele>2226.053</ele><time>2026-09-25T04:22:11Z</time></trkpt><trkpt lat="32.736935" lon="51.503266"><ele>2227.004</ele><time>2026-09-25T04:22:21Z</time></trkpt><trkpt lat="32.736930" lon="51.503235"><ele>2228.414</ele><time>2026-09-25T04:22:34Z</time></trkpt><trkpt lat="32.736933" lon="51.503222"><ele>2229.409</ele><time>2026-09-25T04:22:47Z</time></trkpt><trkpt lat="32.736930" lon="51.503190"><ele>2230.487</ele><time>2026-09-25T04:22:58Z</time></trkpt><trkpt lat="32.736971" lon="51.503217"><ele>2232.313</ele><time>2026-09-25T04:23:10Z</time></trkpt><trkpt lat="32.736994" lon="51.503275"><ele>2232.822</ele><time>2026-09-25T04:23:21Z</time></trkpt><trkpt lat="32.737007" lon="51.503308"><ele>2234.794</ele><time>2026-09-25T04:23:33Z</time></trkpt><trkpt lat="32.737016" lon="51.503316"><ele>2236.157</ele><time>2026-09-25T04:23:38Z</time></trkpt><trkpt lat="32.737043" lon="51.503338"><ele>2237.153</ele><time>2026-09-25T04:23:53Z</time></trkpt><trkpt lat="32.737068" lon="51.503369"><ele>2239.045</ele><time>2026-09-25T04:24:06Z</time></trkpt><trkpt lat="32.737097" lon="51.503406"><ele>2239.099</ele><time>2026-09-25T04:24:19Z</time></trkpt><trkpt lat="32.737123" lon="51.503418"><ele>2239.094</ele><time>2026-09-25T04:24:24Z</time></trkpt><trkpt lat="32.737173" lon="51.503448"><ele>2240.051</ele><time>2026-09-25T04:24:31Z</time></trkpt><trkpt lat="32.737210" lon="51.503492"><ele>2243.801</ele><time>2026-09-25T04:24:42Z</time></trkpt><trkpt lat="32.737229" lon="51.503488"><ele>2244.311</ele><time>2026-09-25T04:28:20Z</time></trkpt><trkpt lat="32.737220" lon="51.503425"><ele>2248.109</ele><time>2026-09-25T04:29:19Z</time></trkpt><trkpt lat="32.737216" lon="51.503401"><ele>2248.677</ele><time>2026-09-25T04:29:32Z</time></trkpt><trkpt lat="32.737250" lon="51.503405"><ele>2249.613</ele><time>2026-09-25T04:29:45Z</time></trkpt><trkpt lat="32.737271" lon="51.503368"><ele>2252.012</ele><time>2026-09-25T04:29:56Z</time></trkpt><trkpt lat="32.737256" lon="51.503327"><ele>2253.434</ele><time>2026-09-25T04:30:08Z</time></trkpt><trkpt lat="32.737263" lon="51.503286"><ele>2255.387</ele><time>2026-09-25T04:30:20Z</time></trkpt><trkpt lat="32.737285" lon="51.503262"><ele>2256.373</ele><time>2026-09-25T04:30:30Z</time></trkpt><trkpt lat="32.737311" lon="51.503231"><ele>2258.765</ele><time>2026-09-25T04:30:42Z</time></trkpt><trkpt lat="32.737301" lon="51.503204"><ele>2260.269</ele><time>2026-09-25T04:30:56Z</time></trkpt><trkpt lat="32.737289" lon="51.503183"><ele>2260.674</ele><time>2026-09-25T04:31:06Z</time></trkpt><trkpt lat="32.737298" lon="51.503163"><ele>2261.188</ele><time>2026-09-25T04:31:19Z</time></trkpt><trkpt lat="32.737272" lon="51.503132"><ele>2263.024</ele><time>2026-09-25T04:31:35Z</time></trkpt><trkpt lat="32.737254" lon="51.503130"><ele>2264.026</ele><time>2026-09-25T04:31:48Z</time></trkpt><trkpt lat="32.737240" lon="51.503131"><ele>2266.909</ele><time>2026-09-25T04:32:02Z</time></trkpt><trkpt lat="32.737229" lon="51.503088"><ele>2267.450</ele><time>2026-09-25T04:32:13Z</time></trkpt><trkpt lat="32.737230" lon="51.503056"><ele>2269.816</ele><time>2026-09-25T04:32:27Z</time></trkpt><trkpt lat="32.737225" lon="51.503022"><ele>2270.735</ele><time>2026-09-25T04:32:38Z</time></trkpt><trkpt lat="32.737220" lon="51.502999"><ele>2271.717</ele><time>2026-09-25T04:32:50Z</time></trkpt><trkpt lat="32.737221" lon="51.502979"><ele>2272.250</ele><time>2026-09-25T04:33:05Z</time></trkpt><trkpt lat="32.737229" lon="51.502981"><ele>2272.656</ele><time>2026-09-25T04:33:21Z</time></trkpt><trkpt lat="32.737251" lon="51.502980"><ele>2272.618</ele><time>2026-09-25T04:33:32Z</time></trkpt><trkpt lat="32.737265" lon="51.502962"><ele>2273.622</ele><time>2026-09-25T04:33:41Z</time></trkpt><trkpt lat="32.737251" lon="51.502928"><ele>2276.537</ele><time>2026-09-25T04:33:47Z</time></trkpt><trkpt lat="32.737300" lon="51.502919"><ele>2278.491</ele><time>2026-09-25T04:33:59Z</time></trkpt><trkpt lat="32.737301" lon="51.502897"><ele>2278.481</ele><time>2026-09-25T04:34:11Z</time></trkpt><trkpt lat="32.737315" lon="51.502850"><ele>2280.319</ele><time>2026-09-25T04:34:24Z</time></trkpt><trkpt lat="32.737336" lon="51.502840"><ele>2282.309</ele><time>2026-09-25T04:34:35Z</time></trkpt><trkpt lat="32.737316" lon="51.502802"><ele>2283.211</ele><time>2026-09-25T04:34:47Z</time></trkpt><trkpt lat="32.737288" lon="51.502773"><ele>2284.777</ele><time>2026-09-25T04:35:02Z</time></trkpt><trkpt lat="32.737284" lon="51.502753"><ele>2286.656</ele><time>2026-09-25T04:35:12Z</time></trkpt><trkpt lat="32.737278" lon="51.502729"><ele>2287.128</ele><time>2026-09-25T04:35:26Z</time></trkpt><trkpt lat="32.737253" lon="51.502669"><ele>2289.091</ele><time>2026-09-25T04:35:37Z</time></trkpt><trkpt lat="32.737278" lon="51.502618"><ele>2290.957</ele><time>2026-09-25T04:35:51Z</time></trkpt><trkpt lat="32.737306" lon="51.502612"><ele>2292.439</ele><time>2026-09-25T04:36:02Z</time></trkpt><trkpt lat="32.737306" lon="51.502589"><ele>2292.843</ele><time>2026-09-25T04:36:12Z</time></trkpt><trkpt lat="32.737310" lon="51.502566"><ele>2294.868</ele><time>2026-09-25T04:36:24Z</time></trkpt><trkpt lat="32.737324" lon="51.502538"><ele>2295.721</ele><time>2026-09-25T04:36:34Z</time></trkpt><trkpt lat="32.737314" lon="51.502499"><ele>2296.741</ele><time>2026-09-25T04:36:46Z</time></trkpt><trkpt lat="32.737297" lon="51.502445"><ele>2298.105</ele><time>2026-09-25T04:36:57Z</time></trkpt><trkpt lat="32.737274" lon="51.502393"><ele>2300.509</ele><time>2026-09-25T04:37:09Z</time></trkpt><trkpt lat="32.737239" lon="51.502328"><ele>2301.054</ele><time>2026-09-25T04:37:22Z</time></trkpt><trkpt lat="32.737202" lon="51.502259"><ele>2302.950</ele><time>2026-09-25T04:37:34Z</time></trkpt><trkpt lat="32.737201" lon="51.502228"><ele>2304.439</ele><time>2026-09-25T04:37:39Z</time></trkpt><trkpt lat="32.737210" lon="51.502148"><ele>2305.851</ele><time>2026-09-25T04:37:52Z</time></trkpt><trkpt lat="32.737251" lon="51.502120"><ele>2308.294</ele><time>2026-09-25T04:38:03Z</time></trkpt><trkpt lat="32.737271" lon="51.502079"><ele>2309.290</ele><time>2026-09-25T04:38:13Z</time></trkpt><trkpt lat="32.737289" lon="51.502036"><ele>2311.172</ele><time>2026-09-25T04:38:24Z</time></trkpt><trkpt lat="32.737295" lon="51.501978"><ele>2313.066</ele><time>2026-09-25T04:38:37Z</time></trkpt><trkpt lat="32.737311" lon="51.501936"><ele>2314.521</ele><time>2026-09-25T04:38:47Z</time></trkpt><trkpt lat="32.737338" lon="51.501911"><ele>2316.457</ele><time>2026-09-25T04:39:02Z</time></trkpt><trkpt lat="32.737366" lon="51.501892"><ele>2318.300</ele><time>2026-09-25T04:39:14Z</time></trkpt><trkpt lat="32.737386" lon="51.501832"><ele>2319.820</ele><time>2026-09-25T04:39:26Z</time></trkpt><trkpt lat="32.737424" lon="51.501821"><ele>2321.709</ele><time>2026-09-25T04:39:38Z</time></trkpt><trkpt lat="32.737439" lon="51.501812"><ele>2322.657</ele><time>2026-09-25T04:39:50Z</time></trkpt><trkpt lat="32.737469" lon="51.501786"><ele>2325.523</ele><time>2026-09-25T04:40:02Z</time></trkpt><trkpt lat="32.737492" lon="51.501781"><ele>2326.582</ele><time>2026-09-25T04:40:10Z</time></trkpt><trkpt lat="32.737531" lon="51.501824"><ele>2328.924</ele><time>2026-09-25T04:40:23Z</time></trkpt><trkpt lat="32.737560" lon="51.501796"><ele>2329.827</ele><time>2026-09-25T04:40:33Z</time></trkpt><trkpt lat="32.737571" lon="51.501800"><ele>2331.383</ele><time>2026-09-25T04:40:36Z</time></trkpt><trkpt lat="32.737596" lon="51.501815"><ele>2332.315</ele><time>2026-09-25T04:40:49Z</time></trkpt><trkpt lat="32.737651" lon="51.501830"><ele>2334.799</ele><time>2026-09-25T04:41:02Z</time></trkpt><trkpt lat="32.737691" lon="51.501832"><ele>2336.124</ele><time>2026-09-25T04:41:14Z</time></trkpt><trkpt lat="32.737715" lon="51.501806"><ele>2337.597</ele><time>2026-09-25T04:41:25Z</time></trkpt><trkpt lat="32.737754" lon="51.501799"><ele>2339.023</ele><time>2026-09-25T04:41:36Z</time></trkpt><trkpt lat="32.737777" lon="51.501772"><ele>2340.925</ele><time>2026-09-25T04:41:48Z</time></trkpt><trkpt lat="32.737825" lon="51.501755"><ele>2342.309</ele><time>2026-09-25T04:42:01Z</time></trkpt><trkpt lat="32.737825" lon="51.501711"><ele>2344.341</ele><time>2026-09-25T04:42:12Z</time></trkpt><trkpt lat="32.737879" lon="51.501703"><ele>2346.787</ele><time>2026-09-25T04:42:25Z</time></trkpt><trkpt lat="32.737915" lon="51.501695"><ele>2347.626</ele><time>2026-09-25T04:42:34Z</time></trkpt><trkpt lat="32.737952" lon="51.501656"><ele>2349.188</ele><time>2026-09-25T04:42:46Z</time></trkpt><trkpt lat="32.737991" lon="51.501630"><ele>2351.511</ele><time>2026-09-25T04:42:57Z</time></trkpt><trkpt lat="32.738036" lon="51.501590"><ele>2352.917</ele><time>2026-09-25T04:43:09Z</time></trkpt><trkpt lat="32.738055" lon="51.501574"><ele>2353.989</ele><time>2026-09-25T04:43:15Z</time></trkpt><trkpt lat="32.738058" lon="51.501515"><ele>2354.843</ele><time>2026-09-25T04:43:25Z</time></trkpt><trkpt lat="32.738104" lon="51.501485"><ele>2357.768</ele><time>2026-09-25T04:43:37Z</time></trkpt><trkpt lat="32.738152" lon="51.501435"><ele>2357.246</ele><time>2026-09-25T04:43:49Z</time></trkpt><trkpt lat="32.738199" lon="51.501385"><ele>2357.788</ele><time>2026-09-25T04:44:00Z</time></trkpt><trkpt lat="32.738238" lon="51.501349"><ele>2358.716</ele><time>2026-09-25T04:44:13Z</time></trkpt><trkpt lat="32.738243" lon="51.501328"><ele>2358.709</ele><time>2026-09-25T04:44:29Z</time></trkpt><trkpt lat="32.738255" lon="51.501302"><ele>2362.526</ele><time>2026-09-25T04:53:13Z</time></trkpt><trkpt lat="32.738267" lon="51.501269"><ele>2363.042</ele><time>2026-09-25T04:53:29Z</time></trkpt><trkpt lat="32.738266" lon="51.501208"><ele>2363.521</ele><time>2026-09-25T04:53:40Z</time></trkpt><trkpt lat="32.738258" lon="51.501155"><ele>2364.553</ele><time>2026-09-25T04:53:53Z</time></trkpt><trkpt lat="32.738259" lon="51.501068"><ele>2364.586</ele><time>2026-09-25T04:54:06Z</time></trkpt><trkpt lat="32.738255" lon="51.500991"><ele>2366.452</ele><time>2026-09-25T04:54:19Z</time></trkpt><trkpt lat="32.738242" lon="51.500939"><ele>2367.884</ele><time>2026-09-25T04:54:32Z</time></trkpt><trkpt lat="32.738223" lon="51.500864"><ele>2369.718</ele><time>2026-09-25T04:54:45Z</time></trkpt><trkpt lat="32.738207" lon="51.500792"><ele>2371.253</ele><time>2026-09-25T04:54:58Z</time></trkpt><trkpt lat="32.738190" lon="51.500725"><ele>2371.236</ele><time>2026-09-25T04:55:10Z</time></trkpt><trkpt lat="32.738180" lon="51.500646"><ele>2371.717</ele><time>2026-09-25T04:55:21Z</time></trkpt><trkpt lat="32.738148" lon="51.500587"><ele>2372.618</ele><time>2026-09-25T04:55:34Z</time></trkpt><trkpt lat="32.738102" lon="51.500531"><ele>2374.509</ele><time>2026-09-25T04:55:47Z</time></trkpt><trkpt lat="32.738082" lon="51.500422"><ele>2375.545</ele><time>2026-09-25T04:56:00Z</time></trkpt><trkpt lat="32.738062" lon="51.500325"><ele>2377.481</ele><time>2026-09-25T04:56:13Z</time></trkpt><trkpt lat="32.738052" lon="51.500254"><ele>2378.950</ele><time>2026-09-25T04:56:24Z</time></trkpt><trkpt lat="32.738024" lon="51.500186"><ele>2380.342</ele><time>2026-09-25T04:56:35Z</time></trkpt><trkpt lat="32.737984" lon="51.500120"><ele>2380.825</ele><time>2026-09-25T04:56:46Z</time></trkpt><trkpt lat="32.737941" lon="51.500032"><ele>2383.251</ele><time>2026-09-25T04:56:59Z</time></trkpt><trkpt lat="32.737915" lon="51.499949"><ele>2385.173</ele><time>2026-09-25T04:57:11Z</time></trkpt><trkpt lat="32.737898" lon="51.499887"><ele>2385.687</ele><time>2026-09-25T04:57:22Z</time></trkpt><trkpt lat="32.737877" lon="51.499816"><ele>2388.042</ele><time>2026-09-25T04:57:34Z</time></trkpt><trkpt lat="32.737879" lon="51.499760"><ele>2389.095</ele><time>2026-09-25T04:57:48Z</time></trkpt><trkpt lat="32.737840" lon="51.499727"><ele>2389.949</ele><time>2026-09-25T04:58:01Z</time></trkpt><trkpt lat="32.737822" lon="51.499694"><ele>2390.923</ele><time>2026-09-25T04:58:13Z</time></trkpt><trkpt lat="32.737838" lon="51.499664"><ele>2393.309</ele><time>2026-09-25T04:58:23Z</time></trkpt><trkpt lat="32.737863" lon="51.499638"><ele>2393.841</ele><time>2026-09-25T04:58:35Z</time></trkpt><trkpt lat="32.737845" lon="51.499597"><ele>2394.727</ele><time>2026-09-25T04:58:47Z</time></trkpt><trkpt lat="32.737838" lon="51.499569"><ele>2396.236</ele><time>2026-09-25T04:58:57Z</time></trkpt><trkpt lat="32.737855" lon="51.499544"><ele>2396.298</ele><time>2026-09-25T04:59:07Z</time></trkpt><trkpt lat="32.737834" lon="51.499527"><ele>2397.611</ele><time>2026-09-25T04:59:17Z</time></trkpt><trkpt lat="32.737798" lon="51.499493"><ele>2399.167</ele><time>2026-09-25T04:59:28Z</time></trkpt><trkpt lat="32.737804" lon="51.499447"><ele>2401.579</ele><time>2026-09-25T04:59:41Z</time></trkpt><trkpt lat="32.737831" lon="51.499432"><ele>2401.953</ele><time>2026-09-25T04:59:54Z</time></trkpt><trkpt lat="32.737849" lon="51.499409"><ele>2403.418</ele><time>2026-09-25T05:00:03Z</time></trkpt><trkpt lat="32.737817" lon="51.499379"><ele>2404.379</ele><time>2026-09-25T05:00:14Z</time></trkpt><trkpt lat="32.737798" lon="51.499348"><ele>2405.805</ele><time>2026-09-25T05:00:24Z</time></trkpt><trkpt lat="32.737776" lon="51.499322"><ele>2407.725</ele><time>2026-09-25T05:00:35Z</time></trkpt><trkpt lat="32.737778" lon="51.499288"><ele>2408.709</ele><time>2026-09-25T05:00:46Z</time></trkpt><trkpt lat="32.737753" lon="51.499249"><ele>2409.259</ele><time>2026-09-25T05:00:58Z</time></trkpt><trkpt lat="32.737744" lon="51.499233"><ele>2410.155</ele><time>2026-09-25T05:01:09Z</time></trkpt><trkpt lat="32.737749" lon="51.499192"><ele>2411.634</ele><time>2026-09-25T05:01:20Z</time></trkpt><trkpt lat="32.737722" lon="51.499161"><ele>2413.046</ele><time>2026-09-25T05:01:30Z</time></trkpt><trkpt lat="32.737723" lon="51.499127"><ele>2413.089</ele><time>2026-09-25T05:01:43Z</time></trkpt><trkpt lat="32.737718" lon="51.499097"><ele>2414.985</ele><time>2026-09-25T05:01:54Z</time></trkpt><trkpt lat="32.737712" lon="51.499070"><ele>2414.967</ele><time>2026-09-25T05:02:07Z</time></trkpt><trkpt lat="32.737721" lon="51.499066"><ele>2415.441</ele><time>2026-09-25T05:02:22Z</time></trkpt><trkpt lat="32.737723" lon="51.499069"><ele>2415.936</ele><time>2026-09-25T05:02:38Z</time></trkpt><trkpt lat="32.737729" lon="51.499042"><ele>2417.345</ele><time>2026-09-25T05:02:53Z</time></trkpt><trkpt lat="32.737707" lon="51.498974"><ele>2419.347</ele><time>2026-09-25T05:03:06Z</time></trkpt><trkpt lat="32.737707" lon="51.498945"><ele>2421.211</ele><time>2026-09-25T05:03:16Z</time></trkpt><trkpt lat="32.737717" lon="51.498946"><ele>2420.709</ele><time>2026-09-25T05:03:33Z</time></trkpt><trkpt lat="32.737725" lon="51.498948"><ele>2422.126</ele><time>2026-09-25T05:03:36Z</time></trkpt><trkpt lat="32.737717" lon="51.498894"><ele>2423.152</ele><time>2026-09-25T05:03:48Z</time></trkpt><trkpt lat="32.737710" lon="51.498869"><ele>2424.531</ele><time>2026-09-25T05:03:58Z</time></trkpt><trkpt lat="32.737725" lon="51.498849"><ele>2426.043</ele><time>2026-09-25T05:04:08Z</time></trkpt><trkpt lat="32.737729" lon="51.498830"><ele>2426.986</ele><time>2026-09-25T05:04:17Z</time></trkpt><trkpt lat="32.737727" lon="51.498782"><ele>2427.992</ele><time>2026-09-25T05:04:28Z</time></trkpt><trkpt lat="32.737740" lon="51.498761"><ele>2429.874</ele><time>2026-09-25T05:04:41Z</time></trkpt><trkpt lat="32.737729" lon="51.498719"><ele>2430.858</ele><time>2026-09-25T05:04:53Z</time></trkpt><trkpt lat="32.737723" lon="51.498693"><ele>2431.743</ele><time>2026-09-25T05:05:06Z</time></trkpt><trkpt lat="32.737720" lon="51.498644"><ele>2434.213</ele><time>2026-09-25T05:05:16Z</time></trkpt><trkpt lat="32.737729" lon="51.498611"><ele>2435.143</ele><time>2026-09-25T05:05:27Z</time></trkpt><trkpt lat="32.737719" lon="51.498538"><ele>2436.607</ele><time>2026-09-25T05:05:38Z</time></trkpt><trkpt lat="32.737730" lon="51.498494"><ele>2437.009</ele><time>2026-09-25T05:05:49Z</time></trkpt><trkpt lat="32.737737" lon="51.498480"><ele>2437.553</ele><time>2026-09-25T05:05:51Z</time></trkpt><trkpt lat="32.737734" lon="51.498460"><ele>2437.519</ele><time>2026-09-25T05:05:53Z</time></trkpt><trkpt lat="32.737743" lon="51.498443"><ele>2437.548</ele><time>2026-09-25T05:05:55Z</time></trkpt><trkpt lat="32.737767" lon="51.498354"><ele>2439.080</ele><time>2026-09-25T05:06:07Z</time></trkpt><trkpt lat="32.737769" lon="51.498347"><ele>2438.573</ele><time>2026-09-25T05:06:08Z</time></trkpt><trkpt lat="32.737766" lon="51.498206"><ele>2439.439</ele><time>2026-09-25T05:06:22Z</time></trkpt><trkpt lat="32.737756" lon="51.498156"><ele>2440.411</ele><time>2026-09-25T05:06:33Z</time></trkpt><trkpt lat="32.737756" lon="51.498109"><ele>2440.985</ele><time>2026-09-25T05:06:49Z</time></trkpt><trkpt lat="32.737734" lon="51.498002"><ele>2442.810</ele><time>2026-09-25T05:07:01Z</time></trkpt><trkpt lat="32.737730" lon="51.497990"><ele>2442.351</ele><time>2026-09-25T05:07:02Z</time></trkpt><trkpt lat="32.737689" lon="51.497821"><ele>2444.201</ele><time>2026-09-25T05:07:15Z</time></trkpt><trkpt lat="32.737667" lon="51.497785"><ele>2444.711</ele><time>2026-09-25T05:07:18Z</time></trkpt><trkpt lat="32.737628" lon="51.497643"><ele>2444.709</ele><time>2026-09-25T05:07:32Z</time></trkpt><trkpt lat="32.737621" lon="51.497576"><ele>2445.727</ele><time>2026-09-25T05:07:40Z</time></trkpt><trkpt lat="32.737623" lon="51.497555"><ele>2446.283</ele><time>2026-09-25T05:07:42Z</time></trkpt><trkpt lat="32.737591" lon="51.497474"><ele>2446.622</ele><time>2026-09-25T05:07:50Z</time></trkpt><trkpt lat="32.737619" lon="51.497427"><ele>2446.684</ele><time>2026-09-25T05:08:01Z</time></trkpt><trkpt lat="32.737606" lon="51.497374"><ele>2447.637</ele><time>2026-09-25T05:08:08Z</time></trkpt><trkpt lat="32.737566" lon="51.497222"><ele>2447.143</ele><time>2026-09-25T05:08:25Z</time></trkpt><trkpt lat="32.737567" lon="51.497203"><ele>2447.685</ele><time>2026-09-25T05:08:40Z</time></trkpt><trkpt lat="32.737546" lon="51.497131"><ele>2447.629</ele><time>2026-09-25T05:08:53Z</time></trkpt><trkpt lat="32.737529" lon="51.497010"><ele>2448.194</ele><time>2026-09-25T05:09:05Z</time></trkpt><trkpt lat="32.737519" lon="51.496962"><ele>2448.148</ele><time>2026-09-25T05:09:11Z</time></trkpt><trkpt lat="32.737490" lon="51.496840"><ele>2447.661</ele><time>2026-09-25T05:09:24Z</time></trkpt><trkpt lat="32.737458" lon="51.496732"><ele>2448.117</ele><time>2026-09-25T05:09:38Z</time></trkpt><trkpt lat="32.737445" lon="51.496694"><ele>2448.109</ele><time>2026-09-25T05:09:43Z</time></trkpt><trkpt lat="32.737414" lon="51.496605"><ele>2449.146</ele><time>2026-09-25T05:09:55Z</time></trkpt><trkpt lat="32.737375" lon="51.496496"><ele>2449.592</ele><time>2026-09-25T05:10:08Z</time></trkpt><trkpt lat="32.737322" lon="51.496394"><ele>2449.181</ele><time>2026-09-25T05:10:21Z</time></trkpt><trkpt lat="32.737303" lon="51.496353"><ele>2449.193</ele><time>2026-09-25T05:10:25Z</time></trkpt><trkpt lat="32.737297" lon="51.496329"><ele>2449.596</ele><time>2026-09-25T05:10:27Z</time></trkpt><trkpt lat="32.737241" lon="51.496208"><ele>2450.092</ele><time>2026-09-25T05:10:40Z</time></trkpt><trkpt lat="32.737234" lon="51.496126"><ele>2449.524</ele><time>2026-09-25T05:10:50Z</time></trkpt><trkpt lat="32.737205" lon="51.496028"><ele>2449.528</ele><time>2026-09-25T05:11:02Z</time></trkpt><trkpt lat="32.737184" lon="51.495930"><ele>2450.023</ele><time>2026-09-25T05:11:14Z</time></trkpt><trkpt lat="32.737184" lon="51.495847"><ele>2450.016</ele><time>2026-09-25T05:11:25Z</time></trkpt><trkpt lat="32.737174" lon="51.495740"><ele>2450.576</ele><time>2026-09-25T05:11:36Z</time></trkpt><trkpt lat="32.737172" lon="51.495731"><ele>2451.013</ele><time>2026-09-25T05:11:37Z</time></trkpt><trkpt lat="32.737156" lon="51.495655"><ele>2450.509</ele><time>2026-09-25T05:11:46Z</time></trkpt><trkpt lat="32.737107" lon="51.495547"><ele>2449.143</ele><time>2026-09-25T05:12:00Z</time></trkpt><trkpt lat="32.737047" lon="51.495464"><ele>2448.699</ele><time>2026-09-25T05:12:14Z</time></trkpt><trkpt lat="32.736967" lon="51.495373"><ele>2447.148</ele><time>2026-09-25T05:12:29Z</time></trkpt><trkpt lat="32.736890" lon="51.495312"><ele>2446.620</ele><time>2026-09-25T05:12:42Z</time></trkpt><trkpt lat="32.736874" lon="51.495308"><ele>2446.263</ele><time>2026-09-25T05:12:45Z</time></trkpt><trkpt lat="32.736839" lon="51.495283"><ele>2446.639</ele><time>2026-09-25T05:12:50Z</time></trkpt><trkpt lat="32.736812" lon="51.495250"><ele>2446.631</ele><time>2026-09-25T05:12:56Z</time></trkpt><trkpt lat="32.736772" lon="51.495199"><ele>2446.655</ele><time>2026-09-25T05:13:09Z</time></trkpt><trkpt lat="32.736758" lon="51.495188"><ele>2446.620</ele><time>2026-09-25T05:13:11Z</time></trkpt><trkpt lat="32.736719" lon="51.495154"><ele>2447.188</ele><time>2026-09-25T05:13:16Z</time></trkpt><trkpt lat="32.736661" lon="51.495094"><ele>2448.124</ele><time>2026-09-25T05:13:27Z</time></trkpt><trkpt lat="32.736588" lon="51.495040"><ele>2449.526</ele><time>2026-09-25T05:13:37Z</time></trkpt><trkpt lat="32.736521" lon="51.494967"><ele>2450.509</ele><time>2026-09-25T05:13:48Z</time></trkpt><trkpt lat="32.736463" lon="51.494890"><ele>2451.080</ele><time>2026-09-25T05:14:00Z</time></trkpt><trkpt lat="32.736403" lon="51.494819"><ele>2451.966</ele><time>2026-09-25T05:14:11Z</time></trkpt><trkpt lat="32.736349" lon="51.494751"><ele>2453.425</ele><time>2026-09-25T05:14:23Z</time></trkpt><trkpt lat="32.736332" lon="51.494740"><ele>2452.977</ele><time>2026-09-25T05:14:25Z</time></trkpt><trkpt lat="32.736246" lon="51.494643"><ele>2455.880</ele><time>2026-09-25T05:14:40Z</time></trkpt><trkpt lat="32.736214" lon="51.494614"><ele>2456.326</ele><time>2026-09-25T05:14:44Z</time></trkpt><trkpt lat="32.736202" lon="51.494596"><ele>2456.788</ele><time>2026-09-25T05:14:46Z</time></trkpt><trkpt lat="32.736141" lon="51.494529"><ele>2458.262</ele><time>2026-09-25T05:14:55Z</time></trkpt><trkpt lat="32.736075" lon="51.494430"><ele>2459.677</ele><time>2026-09-25T05:15:06Z</time></trkpt><trkpt lat="32.736059" lon="51.494389"><ele>2460.169</ele><time>2026-09-25T05:15:10Z</time></trkpt><trkpt lat="32.736018" lon="51.494355"><ele>2461.504</ele><time>2026-09-25T05:15:15Z</time></trkpt><trkpt lat="32.736007" lon="51.494338"><ele>2461.524</ele><time>2026-09-25T05:15:17Z</time></trkpt><trkpt lat="32.735985" lon="51.494323"><ele>2461.509</ele><time>2026-09-25T05:15:20Z</time></trkpt><trkpt lat="32.735955" lon="51.494290"><ele>2462.568</ele><time>2026-09-25T05:15:33Z</time></trkpt><trkpt lat="32.735936" lon="51.494257"><ele>2463.024</ele><time>2026-09-25T05:15:48Z</time></trkpt><trkpt lat="32.735912" lon="51.494253"><ele>2463.023</ele><time>2026-09-25T05:16:01Z</time></trkpt><trkpt lat="32.735894" lon="51.494245"><ele>2463.525</ele><time>2026-09-25T05:16:03Z</time></trkpt><trkpt lat="32.735803" lon="51.494163"><ele>2465.428</ele><time>2026-09-25T05:16:18Z</time></trkpt><trkpt lat="32.735781" lon="51.494152"><ele>2465.954</ele><time>2026-09-25T05:16:21Z</time></trkpt><trkpt lat="32.735668" lon="51.494127"><ele>2466.476</ele><time>2026-09-25T05:16:34Z</time></trkpt><trkpt lat="32.735632" lon="51.494083"><ele>2467.810</ele><time>2026-09-25T05:16:45Z</time></trkpt><trkpt lat="32.735548" lon="51.494077"><ele>2468.365</ele><time>2026-09-25T05:16:57Z</time></trkpt><trkpt lat="32.735506" lon="51.494065"><ele>2469.222</ele><time>2026-09-25T05:17:05Z</time></trkpt><trkpt lat="32.735430" lon="51.494067"><ele>2470.262</ele><time>2026-09-25T05:17:16Z</time></trkpt><trkpt lat="32.735333" lon="51.494064"><ele>2471.208</ele><time>2026-09-25T05:17:29Z</time></trkpt><trkpt lat="32.735251" lon="51.494053"><ele>2472.109</ele><time>2026-09-25T05:17:40Z</time></trkpt><trkpt lat="32.735207" lon="51.494031"><ele>2473.164</ele><time>2026-09-25T05:17:50Z</time></trkpt><trkpt lat="32.735158" lon="51.494018"><ele>2473.120</ele><time>2026-09-25T05:18:02Z</time></trkpt><trkpt lat="32.735041" lon="51.494068"><ele>2478.479</ele><time>2026-09-25T06:01:55Z</time></trkpt><trkpt lat="32.735124" lon="51.493934"><ele>2474.591</ele><time>2026-09-25T06:02:49Z</time></trkpt><trkpt lat="32.735227" lon="51.494003"><ele>2482.724</ele><time>2026-09-25T06:23:38Z</time></trkpt><trkpt lat="32.735353" lon="51.494045"><ele>2481.360</ele><time>2026-09-25T06:23:51Z</time></trkpt><trkpt lat="32.735486" lon="51.494059"><ele>2480.892</ele><time>2026-09-25T06:24:07Z</time></trkpt><trkpt lat="32.735586" lon="51.494079"><ele>2478.926</ele><time>2026-09-25T06:24:21Z</time></trkpt><trkpt lat="32.735680" lon="51.494097"><ele>2478.441</ele><time>2026-09-25T06:24:31Z</time></trkpt><trkpt lat="32.735709" lon="51.494119"><ele>2477.416</ele><time>2026-09-25T06:24:35Z</time></trkpt><trkpt lat="32.735737" lon="51.494141"><ele>2477.476</ele><time>2026-09-25T06:24:39Z</time></trkpt><trkpt lat="32.735802" lon="51.494179"><ele>2475.513</ele><time>2026-09-25T06:24:48Z</time></trkpt><trkpt lat="32.735826" lon="51.494203"><ele>2475.009</ele><time>2026-09-25T06:24:54Z</time></trkpt><trkpt lat="32.735845" lon="51.494216"><ele>2475.583</ele><time>2026-09-25T06:24:56Z</time></trkpt><trkpt lat="32.735874" lon="51.494227"><ele>2474.559</ele><time>2026-09-25T06:24:59Z</time></trkpt><trkpt lat="32.735900" lon="51.494249"><ele>2474.088</ele><time>2026-09-25T06:25:02Z</time></trkpt><trkpt lat="32.736026" lon="51.494338"><ele>2473.160</ele><time>2026-09-25T06:25:19Z</time></trkpt><trkpt lat="32.736116" lon="51.494424"><ele>2469.723</ele><time>2026-09-25T06:25:32Z</time></trkpt><trkpt lat="32.736212" lon="51.494516"><ele>2468.819</ele><time>2026-09-25T06:25:45Z</time></trkpt><trkpt lat="32.736294" lon="51.494600"><ele>2466.871</ele><time>2026-09-25T06:25:57Z</time></trkpt><trkpt lat="32.736326" lon="51.494650"><ele>2465.485</ele><time>2026-09-25T06:26:03Z</time></trkpt><trkpt lat="32.736352" lon="51.494685"><ele>2465.970</ele><time>2026-09-25T06:26:07Z</time></trkpt><trkpt lat="32.736443" lon="51.494815"><ele>2463.517</ele><time>2026-09-25T06:26:22Z</time></trkpt><trkpt lat="32.736474" lon="51.494842"><ele>2463.087</ele><time>2026-09-25T06:26:26Z</time></trkpt><trkpt lat="32.736537" lon="51.494910"><ele>2461.515</ele><time>2026-09-25T06:26:35Z</time></trkpt><trkpt lat="32.736663" lon="51.495051"><ele>2460.109</ele><time>2026-09-25T06:26:53Z</time></trkpt><trkpt lat="32.736673" lon="51.495071"><ele>2459.643</ele><time>2026-09-25T06:26:55Z</time></trkpt><trkpt lat="32.736856" lon="51.495237"><ele>2458.749</ele><time>2026-09-25T06:27:16Z</time></trkpt><trkpt lat="32.736900" lon="51.495271"><ele>2458.768</ele><time>2026-09-25T06:27:29Z</time></trkpt><trkpt lat="32.736907" lon="51.495290"><ele>2459.140</ele><time>2026-09-25T06:27:35Z</time></trkpt><trkpt lat="32.736995" lon="51.495393"><ele>2460.633</ele><time>2026-09-25T06:27:47Z</time></trkpt><trkpt lat="32.737010" lon="51.495409"><ele>2460.169</ele><time>2026-09-25T06:27:51Z</time></trkpt><trkpt lat="32.737115" lon="51.495545"><ele>2461.581</ele><time>2026-09-25T06:28:08Z</time></trkpt><trkpt lat="32.737137" lon="51.495584"><ele>2462.095</ele><time>2026-09-25T06:28:12Z</time></trkpt><trkpt lat="32.737181" lon="51.495659"><ele>2463.040</ele><time>2026-09-25T06:28:21Z</time></trkpt><trkpt lat="32.737187" lon="51.495678"><ele>2463.588</ele><time>2026-09-25T06:28:23Z</time></trkpt><trkpt lat="32.737259" lon="51.495803"><ele>2465.924</ele><time>2026-09-25T06:28:38Z</time></trkpt><trkpt lat="32.737310" lon="51.495899"><ele>2465.926</ele><time>2026-09-25T06:28:50Z</time></trkpt><trkpt lat="32.737378" lon="51.496016"><ele>2466.409</ele><time>2026-09-25T06:29:03Z</time></trkpt><trkpt lat="32.737453" lon="51.496175"><ele>2466.850</ele><time>2026-09-25T06:29:19Z</time></trkpt><trkpt lat="32.737459" lon="51.496185"><ele>2466.886</ele><time>2026-09-25T06:29:20Z</time></trkpt><trkpt lat="32.737514" lon="51.496282"><ele>2466.845</ele><time>2026-09-25T06:29:30Z</time></trkpt><trkpt lat="32.737579" lon="51.496496"><ele>2465.987</ele><time>2026-09-25T06:29:50Z</time></trkpt><trkpt lat="32.737598" lon="51.496536"><ele>2464.950</ele><time>2026-09-25T06:29:54Z</time></trkpt><trkpt lat="32.737609" lon="51.496600"><ele>2464.436</ele><time>2026-09-25T06:30:00Z</time></trkpt><trkpt lat="32.737635" lon="51.496685"><ele>2464.958</ele><time>2026-09-25T06:30:07Z</time></trkpt><trkpt lat="32.737628" lon="51.496708"><ele>2464.042</ele><time>2026-09-25T06:30:09Z</time></trkpt><trkpt lat="32.737657" lon="51.496978"><ele>2463.057</ele><time>2026-09-25T06:30:30Z</time></trkpt><trkpt lat="32.737674" lon="51.497202"><ele>2462.545</ele><time>2026-09-25T06:30:48Z</time></trkpt><trkpt lat="32.737696" lon="51.497385"><ele>2462.547</ele><time>2026-09-25T06:31:03Z</time></trkpt><trkpt lat="32.737718" lon="51.497560"><ele>2460.611</ele><time>2026-09-25T06:31:18Z</time></trkpt><trkpt lat="32.737738" lon="51.497751"><ele>2458.709</ele><time>2026-09-25T06:31:35Z</time></trkpt><trkpt lat="32.737743" lon="51.497790"><ele>2457.786</ele><time>2026-09-25T06:31:38Z</time></trkpt><trkpt lat="32.737751" lon="51.498002"><ele>2455.312</ele><time>2026-09-25T06:31:56Z</time></trkpt><trkpt lat="32.737771" lon="51.498095"><ele>2454.351</ele><time>2026-09-25T06:32:04Z</time></trkpt><trkpt lat="32.737775" lon="51.498190"><ele>2453.953</ele><time>2026-09-25T06:32:12Z</time></trkpt><trkpt lat="32.737772" lon="51.498238"><ele>2453.936</ele><time>2026-09-25T06:32:16Z</time></trkpt><trkpt lat="32.737770" lon="51.498282"><ele>2452.982</ele><time>2026-09-25T06:32:21Z</time></trkpt><trkpt lat="32.737752" lon="51.498504"><ele>2450.084</ele><time>2026-09-25T06:32:40Z</time></trkpt><trkpt lat="32.737724" lon="51.498596"><ele>2448.178</ele><time>2026-09-25T06:32:54Z</time></trkpt><trkpt lat="32.737712" lon="51.498652"><ele>2446.263</ele><time>2026-09-25T06:33:07Z</time></trkpt><trkpt lat="32.737717" lon="51.498725"><ele>2444.243</ele><time>2026-09-25T06:33:19Z</time></trkpt><trkpt lat="32.737733" lon="51.498763"><ele>2443.864</ele><time>2026-09-25T06:33:33Z</time></trkpt><trkpt lat="32.737719" lon="51.498811"><ele>2442.310</ele><time>2026-09-25T06:33:46Z</time></trkpt><trkpt lat="32.737716" lon="51.498842"><ele>2440.909</ele><time>2026-09-25T06:34:03Z</time></trkpt><trkpt lat="32.737722" lon="51.498852"><ele>2439.926</ele><time>2026-09-25T06:34:17Z</time></trkpt><trkpt lat="32.737726" lon="51.498888"><ele>2438.042</ele><time>2026-09-25T06:34:31Z</time></trkpt><trkpt lat="32.737728" lon="51.498887"><ele>2438.581</ele><time>2026-09-25T06:34:32Z</time></trkpt><trkpt lat="32.737728" lon="51.498908"><ele>2438.593</ele><time>2026-09-25T06:34:46Z</time></trkpt><trkpt lat="32.737728" lon="51.498933"><ele>2437.056</ele><time>2026-09-25T06:34:58Z</time></trkpt><trkpt lat="32.737715" lon="51.498959"><ele>2436.662</ele><time>2026-09-25T06:35:09Z</time></trkpt><trkpt lat="32.737712" lon="51.499086"><ele>2429.324</ele><time>2026-09-25T06:36:51Z</time></trkpt><trkpt lat="32.737722" lon="51.499173"><ele>2427.448</ele><time>2026-09-25T06:37:04Z</time></trkpt><trkpt lat="32.737732" lon="51.499233"><ele>2424.173</ele><time>2026-09-25T06:37:19Z</time></trkpt><trkpt lat="32.737766" lon="51.499286"><ele>2423.113</ele><time>2026-09-25T06:37:31Z</time></trkpt><trkpt lat="32.737778" lon="51.499335"><ele>2421.743</ele><time>2026-09-25T06:37:46Z</time></trkpt><trkpt lat="32.737821" lon="51.499408"><ele>2419.307</ele><time>2026-09-25T06:38:01Z</time></trkpt><trkpt lat="32.737795" lon="51.499453"><ele>2415.909</ele><time>2026-09-25T06:38:16Z</time></trkpt><trkpt lat="32.737800" lon="51.499517"><ele>2413.583</ele><time>2026-09-25T06:38:31Z</time></trkpt><trkpt lat="32.737831" lon="51.499561"><ele>2412.569</ele><time>2026-09-25T06:38:42Z</time></trkpt><trkpt lat="32.737819" lon="51.499587"><ele>2410.138</ele><time>2026-09-25T06:38:55Z</time></trkpt><trkpt lat="32.737857" lon="51.499648"><ele>2407.790</ele><time>2026-09-25T06:39:10Z</time></trkpt><trkpt lat="32.737806" lon="51.499704"><ele>2406.353</ele><time>2026-09-25T06:39:23Z</time></trkpt><trkpt lat="32.737880" lon="51.499781"><ele>2402.949</ele><time>2026-09-25T06:39:36Z</time></trkpt><trkpt lat="32.737888" lon="51.499894"><ele>2401.561</ele><time>2026-09-25T06:39:51Z</time></trkpt><trkpt lat="32.737918" lon="51.500020"><ele>2399.165</ele><time>2026-09-25T06:40:07Z</time></trkpt><trkpt lat="32.737959" lon="51.500113"><ele>2397.150</ele><time>2026-09-25T06:40:20Z</time></trkpt><trkpt lat="32.738031" lon="51.500236"><ele>2394.774</ele><time>2026-09-25T06:40:38Z</time></trkpt><trkpt lat="32.738044" lon="51.500292"><ele>2393.856</ele><time>2026-09-25T06:40:48Z</time></trkpt><trkpt lat="32.738050" lon="51.500366"><ele>2392.321</ele><time>2026-09-25T06:40:55Z</time></trkpt><trkpt lat="32.738062" lon="51.500489"><ele>2390.909</ele><time>2026-09-25T06:41:05Z</time></trkpt><trkpt lat="32.738122" lon="51.500595"><ele>2389.039</ele><time>2026-09-25T06:41:16Z</time></trkpt><trkpt lat="32.738147" lon="51.500627"><ele>2389.495</ele><time>2026-09-25T06:41:20Z</time></trkpt><trkpt lat="32.738189" lon="51.500855"><ele>2386.684</ele><time>2026-09-25T06:41:40Z</time></trkpt><trkpt lat="32.738193" lon="51.500864"><ele>2386.126</ele><time>2026-09-25T06:41:41Z</time></trkpt><trkpt lat="32.738225" lon="51.501033"><ele>2382.799</ele><time>2026-09-25T06:41:57Z</time></trkpt><trkpt lat="32.738239" lon="51.501218"><ele>2380.365</ele><time>2026-09-25T06:42:15Z</time></trkpt><trkpt lat="32.738236" lon="51.501341"><ele>2377.927</ele><time>2026-09-25T06:42:31Z</time></trkpt><trkpt lat="32.738217" lon="51.501352"><ele>2378.461</ele><time>2026-09-25T06:42:34Z</time></trkpt><trkpt lat="32.738094" lon="51.501472"><ele>2376.516</ele><time>2026-09-25T06:42:52Z</time></trkpt><trkpt lat="32.738044" lon="51.501509"><ele>2375.018</ele><time>2026-09-25T06:43:06Z</time></trkpt><trkpt lat="32.738034" lon="51.501574"><ele>2373.198</ele><time>2026-09-25T06:43:18Z</time></trkpt><trkpt lat="32.737984" lon="51.501614"><ele>2371.217</ele><time>2026-09-25T06:43:31Z</time></trkpt><trkpt lat="32.737937" lon="51.501654"><ele>2369.309</ele><time>2026-09-25T06:43:45Z</time></trkpt><trkpt lat="32.737887" lon="51.501681"><ele>2366.493</ele><time>2026-09-25T06:43:59Z</time></trkpt><trkpt lat="32.737848" lon="51.501709"><ele>2364.939</ele><time>2026-09-25T06:44:12Z</time></trkpt><trkpt lat="32.737810" lon="51.501714"><ele>2364.098</ele><time>2026-09-25T06:44:23Z</time></trkpt><trkpt lat="32.737799" lon="51.501754"><ele>2362.520</ele><time>2026-09-25T06:44:37Z</time></trkpt><trkpt lat="32.737765" lon="51.501769"><ele>2360.673</ele><time>2026-09-25T06:44:50Z</time></trkpt><trkpt lat="32.737754" lon="51.501792"><ele>2359.649</ele><time>2026-09-25T06:44:58Z</time></trkpt><trkpt lat="32.737699" lon="51.501802"><ele>2357.261</ele><time>2026-09-25T06:45:12Z</time></trkpt><trkpt lat="32.737674" lon="51.501831"><ele>2356.815</ele><time>2026-09-25T06:45:25Z</time></trkpt><trkpt lat="32.737639" lon="51.501833"><ele>2354.430</ele><time>2026-09-25T06:45:39Z</time></trkpt><trkpt lat="32.737625" lon="51.501834"><ele>2353.963</ele><time>2026-09-25T06:45:43Z</time></trkpt><trkpt lat="32.737586" lon="51.501829"><ele>2352.444</ele><time>2026-09-25T06:45:55Z</time></trkpt><trkpt lat="32.737575" lon="51.501829"><ele>2351.518</ele><time>2026-09-25T06:46:07Z</time></trkpt><trkpt lat="32.737520" lon="51.501810"><ele>2350.009</ele><time>2026-09-25T06:46:24Z</time></trkpt><trkpt lat="32.737486" lon="51.501787"><ele>2347.248</ele><time>2026-09-25T06:46:38Z</time></trkpt><trkpt lat="32.737451" lon="51.501796"><ele>2346.234</ele><time>2026-09-25T06:46:50Z</time></trkpt><trkpt lat="32.737446" lon="51.501799"><ele>2343.853</ele><time>2026-09-25T06:47:04Z</time></trkpt><trkpt lat="32.737411" lon="51.501819"><ele>2342.875</ele><time>2026-09-25T06:47:16Z</time></trkpt><trkpt lat="32.737369" lon="51.501881"><ele>2340.938</ele><time>2026-09-25T06:47:30Z</time></trkpt><trkpt lat="32.737353" lon="51.501912"><ele>2338.034</ele><time>2026-09-25T06:47:38Z</time></trkpt><trkpt lat="32.737325" lon="51.501904"><ele>2337.136</ele><time>2026-09-25T06:47:44Z</time></trkpt><trkpt lat="32.737289" lon="51.501956"><ele>2334.220</ele><time>2026-09-25T06:47:56Z</time></trkpt><trkpt lat="32.737266" lon="51.502018"><ele>2332.735</ele><time>2026-09-25T06:48:09Z</time></trkpt><trkpt lat="32.737239" lon="51.502094"><ele>2330.855</ele><time>2026-09-25T06:48:22Z</time></trkpt><trkpt lat="32.737207" lon="51.502143"><ele>2327.907</ele><time>2026-09-25T06:48:37Z</time></trkpt><trkpt lat="32.737195" lon="51.502233"><ele>2326.017</ele><time>2026-09-25T06:48:52Z</time></trkpt><trkpt lat="32.737233" lon="51.502336"><ele>2324.609</ele><time>2026-09-25T06:49:07Z</time></trkpt><trkpt lat="32.737269" lon="51.502421"><ele>2322.227</ele><time>2026-09-25T06:49:21Z</time></trkpt><trkpt lat="32.737287" lon="51.502499"><ele>2320.743</ele><time>2026-09-25T06:49:35Z</time></trkpt><trkpt lat="32.737335" lon="51.502569"><ele>2318.362</ele><time>2026-09-25T06:49:47Z</time></trkpt><trkpt lat="32.737386" lon="51.502651"><ele>2317.444</ele><time>2026-09-25T06:50:01Z</time></trkpt><trkpt lat="32.737404" lon="51.502674"><ele>2316.917</ele><time>2026-09-25T06:50:15Z</time></trkpt><trkpt lat="32.737435" lon="51.502765"><ele>2315.953</ele><time>2026-09-25T06:50:27Z</time></trkpt><trkpt lat="32.737463" lon="51.502864"><ele>2313.065</ele><time>2026-09-25T06:50:40Z</time></trkpt><trkpt lat="32.737485" lon="51.502878"><ele>2313.039</ele><time>2026-09-25T06:52:47Z</time></trkpt><trkpt lat="32.737490" lon="51.502912"><ele>2311.134</ele><time>2026-09-25T06:52:59Z</time></trkpt><trkpt lat="32.737443" lon="51.502882"><ele>2309.774</ele><time>2026-09-25T06:53:06Z</time></trkpt><trkpt lat="32.737415" lon="51.502890"><ele>2308.756</ele><time>2026-09-25T06:53:13Z</time></trkpt><trkpt lat="32.737383" lon="51.502829"><ele>2307.721</ele><time>2026-09-25T06:53:28Z</time></trkpt><trkpt lat="32.737377" lon="51.502844"><ele>2306.309</ele><time>2026-09-25T06:53:31Z</time></trkpt><trkpt lat="32.737351" lon="51.502854"><ele>2304.489</ele><time>2026-09-25T06:54:05Z</time></trkpt><trkpt lat="32.737327" lon="51.502848"><ele>2303.415</ele><time>2026-09-25T06:54:07Z</time></trkpt><trkpt lat="32.737308" lon="51.502885"><ele>2301.594</ele><time>2026-09-25T06:54:20Z</time></trkpt><trkpt lat="32.737296" lon="51.502907"><ele>2299.636</ele><time>2026-09-25T06:54:33Z</time></trkpt><trkpt lat="32.737245" lon="51.502923"><ele>2298.689</ele><time>2026-09-25T06:54:46Z</time></trkpt><trkpt lat="32.737251" lon="51.502957"><ele>2297.665</ele><time>2026-09-25T06:55:01Z</time></trkpt><trkpt lat="32.737208" lon="51.502972"><ele>2295.717</ele><time>2026-09-25T06:55:15Z</time></trkpt><trkpt lat="32.737206" lon="51.502986"><ele>2295.231</ele><time>2026-09-25T06:55:33Z</time></trkpt><trkpt lat="32.737209" lon="51.503031"><ele>2293.876</ele><time>2026-09-25T06:55:46Z</time></trkpt><trkpt lat="32.737199" lon="51.503065"><ele>2291.486</ele><time>2026-09-25T06:55:57Z</time></trkpt><trkpt lat="32.737215" lon="51.503086"><ele>2290.960</ele><time>2026-09-25T06:56:07Z</time></trkpt><trkpt lat="32.737247" lon="51.503127"><ele>2288.526</ele><time>2026-09-25T06:56:20Z</time></trkpt><trkpt lat="32.737277" lon="51.503153"><ele>2286.109</ele><time>2026-09-25T06:56:33Z</time></trkpt><trkpt lat="32.737253" lon="51.503182"><ele>2283.230</ele><time>2026-09-25T06:56:44Z</time></trkpt><trkpt lat="32.737272" lon="51.503227"><ele>2282.366</ele><time>2026-09-25T06:56:53Z</time></trkpt><trkpt lat="32.737288" lon="51.503240"><ele>2280.345</ele><time>2026-09-25T06:57:05Z</time></trkpt><trkpt lat="32.737278" lon="51.503234"><ele>2278.997</ele><time>2026-09-25T06:57:17Z</time></trkpt><trkpt lat="32.737271" lon="51.503269"><ele>2277.020</ele><time>2026-09-25T06:57:28Z</time></trkpt><trkpt lat="32.737268" lon="51.503326"><ele>2276.086</ele><time>2026-09-25T06:57:37Z</time></trkpt><trkpt lat="32.737260" lon="51.503394"><ele>2274.138</ele><time>2026-09-25T06:57:50Z</time></trkpt><trkpt lat="32.737244" lon="51.503390"><ele>2273.182</ele><time>2026-09-25T06:58:02Z</time></trkpt><trkpt lat="32.737211" lon="51.503398"><ele>2271.717</ele><time>2026-09-25T06:58:15Z</time></trkpt><trkpt lat="32.737127" lon="51.503396"><ele>2262.699</ele><time>2026-09-25T07:02:38Z</time></trkpt><trkpt lat="32.737108" lon="51.503375"><ele>2261.607</ele><time>2026-09-25T07:02:47Z</time></trkpt><trkpt lat="32.737080" lon="51.503349"><ele>2260.627</ele><time>2026-09-25T07:02:59Z</time></trkpt><trkpt lat="32.737062" lon="51.503334"><ele>2259.209</ele><time>2026-09-25T07:03:11Z</time></trkpt><trkpt lat="32.737041" lon="51.503303"><ele>2257.731</ele><time>2026-09-25T07:03:27Z</time></trkpt><trkpt lat="32.737024" lon="51.503270"><ele>2256.377</ele><time>2026-09-25T07:03:33Z</time></trkpt><trkpt lat="32.737001" lon="51.503231"><ele>2256.396</ele><time>2026-09-25T07:03:43Z</time></trkpt><trkpt lat="32.736962" lon="51.503195"><ele>2253.938</ele><time>2026-09-25T07:03:56Z</time></trkpt><trkpt lat="32.736937" lon="51.503207"><ele>2252.991</ele><time>2026-09-25T07:04:08Z</time></trkpt><trkpt lat="32.736915" lon="51.503243"><ele>2251.517</ele><time>2026-09-25T07:04:20Z</time></trkpt><trkpt lat="32.736901" lon="51.503284"><ele>2249.619</ele><time>2026-09-25T07:04:34Z</time></trkpt><trkpt lat="32.736897" lon="51.503279"><ele>2249.193</ele><time>2026-09-25T07:04:50Z</time></trkpt><trkpt lat="32.736887" lon="51.503272"><ele>2248.178</ele><time>2026-09-25T07:05:02Z</time></trkpt><trkpt lat="32.736859" lon="51.503201"><ele>2246.726</ele><time>2026-09-25T07:05:15Z</time></trkpt><trkpt lat="32.736835" lon="51.503129"><ele>2245.747</ele><time>2026-09-25T07:05:27Z</time></trkpt><trkpt lat="32.736814" lon="51.503074"><ele>2244.811</ele><time>2026-09-25T07:05:39Z</time></trkpt><trkpt lat="32.736757" lon="51.503059"><ele>2242.809</ele><time>2026-09-25T07:05:53Z</time></trkpt><trkpt lat="32.736719" lon="51.503007"><ele>2241.474</ele><time>2026-09-25T07:06:06Z</time></trkpt><trkpt lat="32.736663" lon="51.502960"><ele>2240.470</ele><time>2026-09-25T07:06:19Z</time></trkpt><trkpt lat="32.736606" lon="51.502951"><ele>2239.029</ele><time>2026-09-25T07:06:31Z</time></trkpt><trkpt lat="32.736576" lon="51.502994"><ele>2238.051</ele><time>2026-09-25T07:06:47Z</time></trkpt><trkpt lat="32.736573" lon="51.503016"><ele>2236.624</ele><time>2026-09-25T07:07:01Z</time></trkpt><trkpt lat="32.736580" lon="51.503050"><ele>2235.210</ele><time>2026-09-25T07:07:28Z</time></trkpt><trkpt lat="32.736566" lon="51.503052"><ele>2232.362</ele><time>2026-09-25T07:07:53Z</time></trkpt><trkpt lat="32.736546" lon="51.503010"><ele>2230.426</ele><time>2026-09-25T07:08:08Z</time></trkpt><trkpt lat="32.736528" lon="51.502977"><ele>2229.491</ele><time>2026-09-25T07:08:19Z</time></trkpt><trkpt lat="32.736525" lon="51.502955"><ele>2228.462</ele><time>2026-09-25T07:08:31Z</time></trkpt><trkpt lat="32.736472" lon="51.502914"><ele>2225.583</ele><time>2026-09-25T07:08:49Z</time></trkpt><trkpt lat="32.736404" lon="51.502931"><ele>2223.111</ele><time>2026-09-25T07:09:02Z</time></trkpt><trkpt lat="32.736390" lon="51.502975"><ele>2221.209</ele><time>2026-09-25T07:09:15Z</time></trkpt><trkpt lat="32.736383" lon="51.503018"><ele>2220.348</ele><time>2026-09-25T07:09:28Z</time></trkpt><trkpt lat="32.736368" lon="51.502997"><ele>2217.944</ele><time>2026-09-25T07:09:41Z</time></trkpt><trkpt lat="32.736352" lon="51.502963"><ele>2216.493</ele><time>2026-09-25T07:09:55Z</time></trkpt><trkpt lat="32.736351" lon="51.502931"><ele>2215.035</ele><time>2026-09-25T07:10:09Z</time></trkpt><trkpt lat="32.736307" lon="51.502917"><ele>2214.048</ele><time>2026-09-25T07:10:20Z</time></trkpt><trkpt lat="32.736277" lon="51.502922"><ele>2212.694</ele><time>2026-09-25T07:10:32Z</time></trkpt><trkpt lat="32.736267" lon="51.502899"><ele>2210.666</ele><time>2026-09-25T07:10:43Z</time></trkpt><trkpt lat="32.736228" lon="51.502916"><ele>2210.640</ele><time>2026-09-25T07:10:54Z</time></trkpt><trkpt lat="32.736219" lon="51.502929"><ele>2209.235</ele><time>2026-09-25T07:11:05Z</time></trkpt><trkpt lat="32.736205" lon="51.502926"><ele>2207.847</ele><time>2026-09-25T07:11:17Z</time></trkpt><trkpt lat="32.736193" lon="51.502920"><ele>2206.829</ele><time>2026-09-25T07:11:27Z</time></trkpt><trkpt lat="32.736169" lon="51.502946"><ele>2204.921</ele><time>2026-09-25T07:11:39Z</time></trkpt><trkpt lat="32.736165" lon="51.502989"><ele>2203.409</ele><time>2026-09-25T07:11:49Z</time></trkpt><trkpt lat="32.736166" lon="51.503040"><ele>2202.576</ele><time>2026-09-25T07:12:00Z</time></trkpt><trkpt lat="32.736182" lon="51.503084"><ele>2201.032</ele><time>2026-09-25T07:12:13Z</time></trkpt><trkpt lat="32.736163" lon="51.503108"><ele>2200.561</ele><time>2026-09-25T07:12:25Z</time></trkpt><trkpt lat="32.736148" lon="51.503097"><ele>2198.663</ele><time>2026-09-25T07:12:35Z</time></trkpt><trkpt lat="32.736129" lon="51.503136"><ele>2196.746</ele><time>2026-09-25T07:12:46Z</time></trkpt><trkpt lat="32.736122" lon="51.503163"><ele>2195.732</ele><time>2026-09-25T07:12:58Z</time></trkpt><trkpt lat="32.736104" lon="51.503203"><ele>2193.384</ele><time>2026-09-25T07:13:11Z</time></trkpt><trkpt lat="32.736075" lon="51.503214"><ele>2191.928</ele><time>2026-09-25T07:13:24Z</time></trkpt><trkpt lat="32.736037" lon="51.503203"><ele>2190.053</ele><time>2026-09-25T07:13:36Z</time></trkpt><trkpt lat="32.736002" lon="51.503198"><ele>2188.165</ele><time>2026-09-25T07:13:47Z</time></trkpt><trkpt lat="32.735971" lon="51.503163"><ele>2186.168</ele><time>2026-09-25T07:14:01Z</time></trkpt><trkpt lat="32.735927" lon="51.503159"><ele>2184.714</ele><time>2026-09-25T07:14:13Z</time></trkpt><trkpt lat="32.735906" lon="51.503183"><ele>2183.209</ele><time>2026-09-25T07:14:26Z</time></trkpt><trkpt lat="32.735900" lon="51.503175"><ele>2182.888</ele><time>2026-09-25T07:14:27Z</time></trkpt><trkpt lat="32.735861" lon="51.503168"><ele>2181.364</ele><time>2026-09-25T07:14:34Z</time></trkpt><trkpt lat="32.735842" lon="51.503193"><ele>2179.973</ele><time>2026-09-25T07:14:47Z</time></trkpt><trkpt lat="32.735806" lon="51.503183"><ele>2178.455</ele><time>2026-09-25T07:15:00Z</time></trkpt><trkpt lat="32.735760" lon="51.503195"><ele>2175.688</ele><time>2026-09-25T07:15:14Z</time></trkpt><trkpt lat="32.735734" lon="51.503225"><ele>2174.154</ele><time>2026-09-25T07:15:25Z</time></trkpt><trkpt lat="32.735734" lon="51.503280"><ele>2171.736</ele><time>2026-09-25T07:15:36Z</time></trkpt><trkpt lat="32.735706" lon="51.503297"><ele>2171.250</ele><time>2026-09-25T07:15:47Z</time></trkpt><trkpt lat="32.735686" lon="51.503348"><ele>2168.825</ele><time>2026-09-25T07:16:01Z</time></trkpt><trkpt lat="32.735663" lon="51.503392"><ele>2166.937</ele><time>2026-09-25T07:16:14Z</time></trkpt><trkpt lat="32.735681" lon="51.503491"><ele>2164.549</ele><time>2026-09-25T07:16:28Z</time></trkpt><trkpt lat="32.735686" lon="51.503525"><ele>2162.613</ele><time>2026-09-25T07:16:42Z</time></trkpt><trkpt lat="32.735650" lon="51.503525"><ele>2160.709</ele><time>2026-09-25T07:16:57Z</time></trkpt><trkpt lat="32.735607" lon="51.503500"><ele>2158.315</ele><time>2026-09-25T07:17:09Z</time></trkpt><trkpt lat="32.735573" lon="51.503461"><ele>2156.871</ele><time>2026-09-25T07:17:21Z</time></trkpt><trkpt lat="32.735542" lon="51.503456"><ele>2155.430</ele><time>2026-09-25T07:17:33Z</time></trkpt><trkpt lat="32.735478" lon="51.503477"><ele>2152.522</ele><time>2026-09-25T07:17:45Z</time></trkpt><trkpt lat="32.735440" lon="51.503484"><ele>2149.115</ele><time>2026-09-25T07:17:54Z</time></trkpt><trkpt lat="32.735374" lon="51.503516"><ele>2146.741</ele><time>2026-09-25T07:18:03Z</time></trkpt><trkpt lat="32.735341" lon="51.503567"><ele>2145.843</ele><time>2026-09-25T07:18:13Z</time></trkpt><trkpt lat="32.735353" lon="51.503649"><ele>2143.437</ele><time>2026-09-25T07:18:27Z</time></trkpt><trkpt lat="32.735334" lon="51.503670"><ele>2141.452</ele><time>2026-09-25T07:18:39Z</time></trkpt><trkpt lat="32.735337" lon="51.503669"><ele>2140.928</ele><time>2026-09-25T07:18:42Z</time></trkpt><trkpt lat="32.735314" lon="51.503673"><ele>2139.589</ele><time>2026-09-25T07:18:52Z</time></trkpt><trkpt lat="32.735303" lon="51.503702"><ele>2137.617</ele><time>2026-09-25T07:19:02Z</time></trkpt><trkpt lat="32.735282" lon="51.503697"><ele>2135.709</ele><time>2026-09-25T07:19:08Z</time></trkpt><trkpt lat="32.735273" lon="51.503741"><ele>2134.724</ele><time>2026-09-25T07:19:23Z</time></trkpt><trkpt lat="32.735272" lon="51.503787"><ele>2132.330</ele><time>2026-09-25T07:19:35Z</time></trkpt><trkpt lat="32.735270" lon="51.503799"><ele>2131.839</ele><time>2026-09-25T07:19:38Z</time></trkpt><trkpt lat="32.735250" lon="51.503828"><ele>2129.941</ele><time>2026-09-25T07:19:49Z</time></trkpt><trkpt lat="32.735235" lon="51.503816"><ele>2129.924</ele><time>2026-09-25T07:19:51Z</time></trkpt><trkpt lat="32.735195" lon="51.503703"><ele>2129.430</ele><time>2026-09-25T07:20:05Z</time></trkpt><trkpt lat="32.735183" lon="51.503677"><ele>2128.922</ele><time>2026-09-25T07:20:08Z</time></trkpt><trkpt lat="32.735126" lon="51.503605"><ele>2123.616</ele><time>2026-09-25T07:30:44Z</time></trkpt><trkpt lat="32.735087" lon="51.503539"><ele>2120.861</ele><time>2026-09-25T07:42:41Z</time></trkpt><trkpt lat="32.735057" lon="51.503510"><ele>2119.342</ele><time>2026-09-25T07:42:55Z</time></trkpt><trkpt lat="32.735057" lon="51.503485"><ele>2118.422</ele><time>2026-09-25T07:43:06Z</time></trkpt><trkpt lat="32.735032" lon="51.503464"><ele>2117.414</ele><time>2026-09-25T07:43:19Z</time></trkpt><trkpt lat="32.735007" lon="51.503445"><ele>2116.009</ele><time>2026-09-25T07:43:30Z</time></trkpt><trkpt lat="32.735020" lon="51.503425"><ele>2116.066</ele><time>2026-09-25T07:43:41Z</time></trkpt><trkpt lat="32.734991" lon="51.503386"><ele>2114.052</ele><time>2026-09-25T07:43:57Z</time></trkpt><trkpt lat="32.734967" lon="51.503364"><ele>2112.161</ele><time>2026-09-25T07:44:11Z</time></trkpt><trkpt lat="32.734965" lon="51.503301"><ele>2109.793</ele><time>2026-09-25T07:44:26Z</time></trkpt><trkpt lat="32.734953" lon="51.503297"><ele>2107.356</ele><time>2026-09-25T07:44:39Z</time></trkpt><trkpt lat="32.734957" lon="51.503248"><ele>2106.372</ele><time>2026-09-25T07:44:50Z</time></trkpt><trkpt lat="32.734908" lon="51.503247"><ele>2104.494</ele><time>2026-09-25T07:45:01Z</time></trkpt><trkpt lat="32.734865" lon="51.503284"><ele>2103.088</ele><time>2026-09-25T07:45:12Z</time></trkpt><trkpt lat="32.734830" lon="51.503277"><ele>2101.533</ele><time>2026-09-25T07:45:24Z</time></trkpt><trkpt lat="32.734789" lon="51.503278"><ele>2099.693</ele><time>2026-09-25T07:45:35Z</time></trkpt><trkpt lat="32.734750" lon="51.503276"><ele>2097.265</ele><time>2026-09-25T07:45:49Z</time></trkpt><trkpt lat="32.734779" lon="51.503247"><ele>2095.821</ele><time>2026-09-25T07:46:01Z</time></trkpt><trkpt lat="32.734746" lon="51.503235"><ele>2093.809</ele><time>2026-09-25T07:46:15Z</time></trkpt><trkpt lat="32.734769" lon="51.503203"><ele>2091.911</ele><time>2026-09-25T07:46:21Z</time></trkpt><trkpt lat="32.734776" lon="51.503176"><ele>2091.917</ele><time>2026-09-25T07:46:24Z</time></trkpt><trkpt lat="32.734787" lon="51.503124"><ele>2091.416</ele><time>2026-09-25T07:46:29Z</time></trkpt><trkpt lat="32.734764" lon="51.502972"><ele>2089.598</ele><time>2026-09-25T07:46:43Z</time></trkpt><trkpt lat="32.734755" lon="51.502951"><ele>2089.021</ele><time>2026-09-25T07:46:45Z</time></trkpt><trkpt lat="32.734713" lon="51.502840"><ele>2088.197</ele><time>2026-09-25T07:46:58Z</time></trkpt><trkpt lat="32.734650" lon="51.502746"><ele>2086.699</ele><time>2026-09-25T07:47:11Z</time></trkpt><trkpt lat="32.734596" lon="51.502633"><ele>2085.293</ele><time>2026-09-25T07:47:25Z</time></trkpt><trkpt lat="32.734521" lon="51.502534"><ele>2084.778</ele><time>2026-09-25T07:47:40Z</time></trkpt><trkpt lat="32.734475" lon="51.502426"><ele>2083.381</ele><time>2026-09-25T07:47:52Z</time></trkpt><trkpt lat="32.734451" lon="51.502398"><ele>2083.361</ele><time>2026-09-25T07:47:57Z</time></trkpt><trkpt lat="32.734437" lon="51.502379"><ele>2082.317</ele><time>2026-09-25T07:47:59Z</time></trkpt><trkpt lat="32.734388" lon="51.502210"><ele>2081.309</ele><time>2026-09-25T07:48:15Z</time></trkpt><trkpt lat="32.734313" lon="51.502073"><ele>2079.940</ele><time>2026-09-25T07:48:30Z</time></trkpt><trkpt lat="32.734287" lon="51.502030"><ele>2079.956</ele><time>2026-09-25T07:48:35Z</time></trkpt><trkpt lat="32.734232" lon="51.501912"><ele>2078.095</ele><time>2026-09-25T07:48:50Z</time></trkpt><trkpt lat="32.734219" lon="51.501889"><ele>2078.057</ele><time>2026-09-25T07:48:53Z</time></trkpt><trkpt lat="32.734116" lon="51.501823"><ele>2075.650</ele><time>2026-09-25T07:49:08Z</time></trkpt><trkpt lat="32.734108" lon="51.501751"><ele>2073.216</ele><time>2026-09-25T07:49:19Z</time></trkpt><trkpt lat="32.734055" lon="51.501654"><ele>2070.378</ele><time>2026-09-25T07:49:34Z</time></trkpt><trkpt lat="32.734014" lon="51.501610"><ele>2067.432</ele><time>2026-09-25T07:49:45Z</time></trkpt><trkpt lat="32.733963" lon="51.501545"><ele>2065.097</ele><time>2026-09-25T07:49:58Z</time></trkpt><trkpt lat="32.733888" lon="51.501532"><ele>2063.166</ele><time>2026-09-25T07:50:12Z</time></trkpt><trkpt lat="32.733869" lon="51.501512"><ele>2062.629</ele><time>2026-09-25T07:50:17Z</time></trkpt><trkpt lat="32.733837" lon="51.501497"><ele>2060.721</ele><time>2026-09-25T07:50:20Z</time></trkpt><trkpt lat="32.733764" lon="51.501458"><ele>2059.209</ele><time>2026-09-25T07:50:33Z</time></trkpt><trkpt lat="32.733698" lon="51.501411"><ele>2056.418</ele><time>2026-09-25T07:50:48Z</time></trkpt><trkpt lat="32.733649" lon="51.501388"><ele>2055.494</ele><time>2026-09-25T07:50:58Z</time></trkpt><trkpt lat="32.733576" lon="51.501394"><ele>2053.043</ele><time>2026-09-25T07:51:10Z</time></trkpt><trkpt lat="32.733552" lon="51.501412"><ele>2052.095</ele><time>2026-09-25T07:51:14Z</time></trkpt><trkpt lat="32.733478" lon="51.501456"><ele>2050.688</ele><time>2026-09-25T07:51:26Z</time></trkpt><trkpt lat="32.733421" lon="51.501516"><ele>2048.744</ele><time>2026-09-25T07:51:39Z</time></trkpt><trkpt lat="32.733392" lon="51.501608"><ele>2045.836</ele><time>2026-09-25T07:51:52Z</time></trkpt><trkpt lat="32.733327" lon="51.501648"><ele>2044.810</ele><time>2026-09-25T07:52:05Z</time></trkpt><trkpt lat="32.733316" lon="51.501749"><ele>2042.945</ele><time>2026-09-25T07:52:17Z</time></trkpt><trkpt lat="32.733296" lon="51.501766"><ele>2041.047</ele><time>2026-09-25T07:52:21Z</time></trkpt><trkpt lat="32.733228" lon="51.501810"><ele>2038.629</ele><time>2026-09-25T07:52:38Z</time></trkpt><trkpt lat="32.733184" lon="51.501840"><ele>2035.221</ele><time>2026-09-25T07:52:47Z</time></trkpt><trkpt lat="32.733102" lon="51.501849"><ele>2032.309</ele><time>2026-09-25T07:52:59Z</time></trkpt><trkpt lat="32.733096" lon="51.501857"><ele>2032.816</ele><time>2026-09-25T07:53:00Z</time></trkpt><trkpt lat="32.733046" lon="51.501932"><ele>2028.542</ele><time>2026-09-25T07:53:13Z</time></trkpt><trkpt lat="32.732984" lon="51.501949"><ele>2027.061</ele><time>2026-09-25T07:53:26Z</time></trkpt><trkpt lat="32.732948" lon="51.501915"><ele>2026.623</ele><time>2026-09-25T07:53:38Z</time></trkpt><trkpt lat="32.732870" lon="51.501921"><ele>2024.146</ele><time>2026-09-25T07:53:46Z</time></trkpt><trkpt lat="32.732779" lon="51.501944"><ele>2022.282</ele><time>2026-09-25T07:54:01Z</time></trkpt><trkpt lat="32.732709" lon="51.501981"><ele>2020.384</ele><time>2026-09-25T07:54:15Z</time></trkpt><trkpt lat="32.732654" lon="51.502056"><ele>2018.468</ele><time>2026-09-25T07:54:27Z</time></trkpt><trkpt lat="32.732581" lon="51.502132"><ele>2015.563</ele><time>2026-09-25T07:54:41Z</time></trkpt><trkpt lat="32.732537" lon="51.502248"><ele>2013.656</ele><time>2026-09-25T07:54:57Z</time></trkpt><trkpt lat="32.732537" lon="51.502268"><ele>2012.659</ele><time>2026-09-25T07:54:59Z</time></trkpt><trkpt lat="32.732547" lon="51.502373"><ele>2009.214</ele><time>2026-09-25T07:55:11Z</time></trkpt><trkpt lat="32.732549" lon="51.502381"><ele>2009.709</ele><time>2026-09-25T07:55:12Z</time></trkpt><trkpt lat="32.732522" lon="51.502459"><ele>2008.347</ele><time>2026-09-25T07:55:26Z</time></trkpt><trkpt lat="32.732474" lon="51.502520"><ele>2006.493</ele><time>2026-09-25T07:55:39Z</time></trkpt><trkpt lat="32.732439" lon="51.502520"><ele>2004.952</ele><time>2026-09-25T07:55:49Z</time></trkpt><trkpt lat="32.732377" lon="51.502605"><ele>2002.564</ele><time>2026-09-25T07:56:03Z</time></trkpt><trkpt lat="32.732291" lon="51.502604"><ele>2001.667</ele><time>2026-09-25T07:56:16Z</time></trkpt><trkpt lat="32.732218" lon="51.502670"><ele>2000.663</ele><time>2026-09-25T07:56:31Z</time></trkpt><trkpt lat="32.732152" lon="51.502688"><ele>1999.245</ele><time>2026-09-25T07:56:46Z</time></trkpt><trkpt lat="32.732074" lon="51.502721"><ele>1997.259</ele><time>2026-09-25T07:57:00Z</time></trkpt><trkpt lat="32.732031" lon="51.502745"><ele>1995.814</ele><time>2026-09-25T07:57:13Z</time></trkpt><trkpt lat="32.732018" lon="51.502803"><ele>1993.971</ele><time>2026-09-25T07:57:25Z</time></trkpt><trkpt lat="32.731946" lon="51.502871"><ele>1991.041</ele><time>2026-09-25T07:57:38Z</time></trkpt><trkpt lat="32.731901" lon="51.502948"><ele>1989.515</ele><time>2026-09-25T07:57:52Z</time></trkpt><trkpt lat="32.731846" lon="51.502950"><ele>1987.109</ele><time>2026-09-25T07:58:04Z</time></trkpt><trkpt lat="32.731771" lon="51.503010"><ele>1985.229</ele><time>2026-09-25T07:58:18Z</time></trkpt><trkpt lat="32.731702" lon="51.503083"><ele>1981.925</ele><time>2026-09-25T07:58:33Z</time></trkpt><trkpt lat="32.731652" lon="51.503153"><ele>1980.464</ele><time>2026-09-25T07:58:46Z</time></trkpt><trkpt lat="32.731614" lon="51.503216"><ele>1978.026</ele><time>2026-09-25T07:58:58Z</time></trkpt><trkpt lat="32.731575" lon="51.503276"><ele>1976.149</ele><time>2026-09-25T07:59:10Z</time></trkpt><trkpt lat="32.731506" lon="51.503351"><ele>1974.215</ele><time>2026-09-25T07:59:26Z</time></trkpt><trkpt lat="32.731480" lon="51.503367"><ele>1973.237</ele><time>2026-09-25T07:59:30Z</time></trkpt><trkpt lat="32.731407" lon="51.503414"><ele>1972.291</ele><time>2026-09-25T07:59:43Z</time></trkpt><trkpt lat="32.731343" lon="51.503495"><ele>1970.346</ele><time>2026-09-25T07:59:56Z</time></trkpt><trkpt lat="32.731281" lon="51.503572"><ele>1968.415</ele><time>2026-09-25T08:00:08Z</time></trkpt><trkpt lat="32.731233" lon="51.503644"><ele>1967.965</ele><time>2026-09-25T08:00:21Z</time></trkpt><trkpt lat="32.731187" lon="51.503708"><ele>1966.011</ele><time>2026-09-25T08:00:32Z</time></trkpt><trkpt lat="32.731151" lon="51.503715"><ele>1965.009</ele><time>2026-09-25T08:00:38Z</time></trkpt><trkpt lat="32.731074" lon="51.503763"><ele>1963.123</ele><time>2026-09-25T08:00:53Z</time></trkpt><trkpt lat="32.730985" lon="51.503781"><ele>1960.739</ele><time>2026-09-25T08:01:06Z</time></trkpt><trkpt lat="32.730937" lon="51.503787"><ele>1959.748</ele><time>2026-09-25T08:01:19Z</time></trkpt><trkpt lat="32.730904" lon="51.503797"><ele>1958.880</ele><time>2026-09-25T08:01:23Z</time></trkpt><trkpt lat="32.730846" lon="51.503813"><ele>1957.383</ele><time>2026-09-25T08:01:35Z</time></trkpt><trkpt lat="32.730739" lon="51.503820"><ele>1954.079</ele><time>2026-09-25T08:01:50Z</time></trkpt><trkpt lat="32.730732" lon="51.503805"><ele>1954.011</ele><time>2026-09-25T08:02:02Z</time></trkpt><trkpt lat="32.730669" lon="51.503812"><ele>1953.045</ele><time>2026-09-25T08:02:07Z</time></trkpt><trkpt lat="32.730631" lon="51.503826"><ele>1953.040</ele><time>2026-09-25T08:02:12Z</time></trkpt><trkpt lat="32.730541" lon="51.503922"><ele>1949.683</ele><time>2026-09-25T08:02:25Z</time></trkpt><trkpt lat="32.730446" lon="51.503889"><ele>1946.825</ele><time>2026-09-25T08:02:41Z</time></trkpt><trkpt lat="32.730357" lon="51.503904"><ele>1945.317</ele><time>2026-09-25T08:02:54Z</time></trkpt><trkpt lat="32.730230" lon="51.503929"><ele>1943.409</ele><time>2026-09-25T08:03:10Z</time></trkpt><trkpt lat="32.730152" lon="51.504059"><ele>1941.550</ele><time>2026-09-25T08:03:26Z</time></trkpt><trkpt lat="32.730012" lon="51.504161"><ele>1939.146</ele><time>2026-09-25T08:03:46Z</time></trkpt><trkpt lat="32.729893" lon="51.504257"><ele>1936.775</ele><time>2026-09-25T08:04:05Z</time></trkpt><trkpt lat="32.729796" lon="51.504383"><ele>1933.367</ele><time>2026-09-25T08:04:22Z</time></trkpt><trkpt lat="32.729704" lon="51.504463"><ele>1932.350</ele><time>2026-09-25T08:04:37Z</time></trkpt><trkpt lat="32.729593" lon="51.504525"><ele>1930.486</ele><time>2026-09-25T08:04:53Z</time></trkpt><trkpt lat="32.729511" lon="51.504599"><ele>1928.588</ele><time>2026-09-25T08:05:08Z</time></trkpt><trkpt lat="32.729411" lon="51.504713"><ele>1925.612</ele><time>2026-09-25T08:05:25Z</time></trkpt><trkpt lat="32.729326" lon="51.504832"><ele>1922.237</ele><time>2026-09-25T08:05:42Z</time></trkpt><trkpt lat="32.729319" lon="51.504835"><ele>1922.273</ele><time>2026-09-25T08:05:43Z</time></trkpt><trkpt lat="32.729212" lon="51.504892"><ele>1920.385</ele><time>2026-09-25T08:05:59Z</time></trkpt><trkpt lat="32.729086" lon="51.504969"><ele>1918.413</ele><time>2026-09-25T08:06:16Z</time></trkpt><trkpt lat="32.728948" lon="51.505038"><ele>1915.509</ele><time>2026-09-25T08:06:33Z</time></trkpt><trkpt lat="32.728852" lon="51.505088"><ele>1914.129</ele><time>2026-09-25T08:06:48Z</time></trkpt><trkpt lat="32.728716" lon="51.505163"><ele>1911.725</ele><time>2026-09-25T08:07:07Z</time></trkpt><trkpt lat="32.728654" lon="51.505228"><ele>1910.214</ele><time>2026-09-25T08:07:19Z</time></trkpt><trkpt lat="32.728577" lon="51.505375"><ele>1907.386</ele><time>2026-09-25T08:07:36Z</time></trkpt><trkpt lat="32.728470" lon="51.505440"><ele>1905.949</ele><time>2026-09-25T08:07:52Z</time></trkpt><trkpt lat="32.728344" lon="51.505486"><ele>1903.595</ele><time>2026-09-25T08:08:10Z</time></trkpt><trkpt lat="32.728213" lon="51.505554"><ele>1901.637</ele><time>2026-09-25T08:08:28Z</time></trkpt><trkpt lat="32.728080" lon="51.505585"><ele>1898.781</ele><time>2026-09-25T08:08:46Z</time></trkpt><trkpt lat="32.727956" lon="51.505594"><ele>1897.736</ele><time>2026-09-25T08:09:01Z</time></trkpt><trkpt lat="32.727832" lon="51.505617"><ele>1894.461</ele><time>2026-09-25T08:09:17Z</time></trkpt><trkpt lat="32.727701" lon="51.505616"><ele>1892.921</ele><time>2026-09-25T08:09:34Z</time></trkpt><trkpt lat="32.727652" lon="51.505638"><ele>1891.513</ele><time>2026-09-25T08:09:40Z</time></trkpt><trkpt lat="32.727565" lon="51.505653"><ele>1890.509</ele><time>2026-09-25T08:09:52Z</time></trkpt><trkpt lat="32.727438" lon="51.505705"><ele>1888.188</ele><time>2026-09-25T08:10:09Z</time></trkpt><trkpt lat="32.727309" lon="51.505807"><ele>1885.714</ele><time>2026-09-25T08:10:27Z</time></trkpt><trkpt lat="32.727283" lon="51.505833"><ele>1885.233</ele><time>2026-09-25T08:10:31Z</time></trkpt><trkpt lat="32.727183" lon="51.505870"><ele>1883.815</ele><time>2026-09-25T08:10:43Z</time></trkpt><trkpt lat="32.727068" lon="51.505861"><ele>1881.958</ele><time>2026-09-25T08:10:59Z</time></trkpt><trkpt lat="32.726933" lon="51.505883"><ele>1879.514</ele><time>2026-09-25T08:11:15Z</time></trkpt><trkpt lat="32.726755" lon="51.505956"><ele>1877.116</ele><time>2026-09-25T08:11:37Z</time></trkpt><trkpt lat="32.726596" lon="51.506018"><ele>1874.240</ele><time>2026-09-25T08:11:57Z</time></trkpt><trkpt lat="32.726564" lon="51.506019"><ele>1874.285</ele><time>2026-09-25T08:12:02Z</time></trkpt><trkpt lat="32.726383" lon="51.506029"><ele>1871.343</ele><time>2026-09-25T08:12:21Z</time></trkpt><trkpt lat="32.726259" lon="51.506062"><ele>1869.464</ele><time>2026-09-25T08:12:37Z</time></trkpt><trkpt lat="32.726109" lon="51.506111"><ele>1867.510</ele><time>2026-09-25T08:12:56Z</time></trkpt><trkpt lat="32.725933" lon="51.506159"><ele>1865.009</ele><time>2026-09-25T08:13:17Z</time></trkpt><trkpt lat="32.725773" lon="51.506201"><ele>1862.236</ele><time>2026-09-25T08:13:36Z</time></trkpt><trkpt lat="32.725765" lon="51.506202"><ele>1862.672</ele><time>2026-09-25T08:13:37Z</time></trkpt><trkpt lat="32.725645" lon="51.506228"><ele>1860.741</ele><time>2026-09-25T08:13:50Z</time></trkpt><trkpt lat="32.725471" lon="51.506278"><ele>1857.813</ele><time>2026-09-25T08:14:09Z</time></trkpt><trkpt lat="32.725401" lon="51.506292"><ele>1856.426</ele><time>2026-09-25T08:14:17Z</time></trkpt><trkpt lat="32.725216" lon="51.506303"><ele>1853.092</ele><time>2026-09-25T08:14:35Z</time></trkpt><trkpt lat="32.725115" lon="51.506314"><ele>1852.634</ele><time>2026-09-25T08:14:46Z</time></trkpt><trkpt lat="32.725077" lon="51.506324"><ele>1852.168</ele><time>2026-09-25T08:14:50Z</time></trkpt><trkpt lat="32.724905" lon="51.506331"><ele>1849.223</ele><time>2026-09-25T08:15:07Z</time></trkpt><trkpt lat="32.724779" lon="51.506360"><ele>1846.385</ele><time>2026-09-25T08:15:20Z</time></trkpt><trkpt lat="32.724713" lon="51.506364"><ele>1846.389</ele><time>2026-09-25T08:15:27Z</time></trkpt><trkpt lat="32.724569" lon="51.506396"><ele>1844.417</ele><time>2026-09-25T08:15:43Z</time></trkpt><trkpt lat="32.724441" lon="51.506447"><ele>1842.009</ele><time>2026-09-25T08:15:57Z</time></trkpt><trkpt lat="32.724292" lon="51.506535"><ele>1839.630</ele><time>2026-09-25T08:16:14Z</time></trkpt><trkpt lat="32.724130" lon="51.506638"><ele>1836.776</ele><time>2026-09-25T08:16:32Z</time></trkpt><trkpt lat="32.724096" lon="51.506667"><ele>1836.225</ele><time>2026-09-25T08:16:36Z</time></trkpt><trkpt lat="32.723916" lon="51.506786"><ele>1832.847</ele><time>2026-09-25T08:16:55Z</time></trkpt><trkpt lat="32.723903" lon="51.506791"><ele>1832.420</ele><time>2026-09-25T08:16:56Z</time></trkpt><trkpt lat="32.723727" lon="51.506780"><ele>1832.436</ele><time>2026-09-25T08:17:12Z</time></trkpt><trkpt lat="32.723707" lon="51.506806"><ele>1831.928</ele><time>2026-09-25T08:17:16Z</time></trkpt><trkpt lat="32.723645" lon="51.506839"><ele>1829.592</ele><time>2026-09-25T08:17:25Z</time></trkpt><trkpt lat="32.723625" lon="51.506845"><ele>1830.077</ele><time>2026-09-25T08:17:27Z</time></trkpt><trkpt lat="32.723454" lon="51.506843"><ele>1827.637</ele><time>2026-09-25T08:17:44Z</time></trkpt><trkpt lat="32.723327" lon="51.506802"><ele>1824.749</ele><time>2026-09-25T08:17:58Z</time></trkpt><trkpt lat="32.723308" lon="51.506767"><ele>1824.713</ele><time>2026-09-25T08:18:02Z</time></trkpt><trkpt lat="32.723263" lon="51.506712"><ele>1824.209</ele><time>2026-09-25T08:18:08Z</time></trkpt><trkpt lat="32.723172" lon="51.506553"><ele>1823.275</ele><time>2026-09-25T08:18:25Z</time></trkpt><trkpt lat="32.723057" lon="51.506388"><ele>1822.371</ele><time>2026-09-25T08:18:42Z</time></trkpt><trkpt lat="32.722869" lon="51.506177"><ele>1819.410</ele><time>2026-09-25T08:19:07Z</time></trkpt><trkpt lat="32.722847" lon="51.506149"><ele>1818.432</ele><time>2026-09-25T08:19:10Z</time></trkpt><trkpt lat="32.722746" lon="51.506061"><ele>1817.045</ele><time>2026-09-25T08:19:22Z</time></trkpt><trkpt lat="32.722611" lon="51.506004"><ele>1816.071</ele><time>2026-09-25T08:19:37Z</time></trkpt><trkpt lat="32.722563" lon="51.506021"><ele>1815.163</ele><time>2026-09-25T08:19:42Z</time></trkpt><trkpt lat="32.722523" lon="51.506051"><ele>1814.147</ele><time>2026-09-25T08:19:46Z</time></trkpt><trkpt lat="32.722398" lon="51.506122"><ele>1813.642</ele><time>2026-09-25T08:19:59Z</time></trkpt><trkpt lat="32.722313" lon="51.506130"><ele>1812.797</ele><time>2026-09-25T08:20:08Z</time></trkpt><trkpt lat="32.722238" lon="51.506171"><ele>1811.223</ele><time>2026-09-25T08:20:16Z</time></trkpt><trkpt lat="32.722048" lon="51.506313"><ele>1808.825</ele><time>2026-09-25T08:20:37Z</time></trkpt><trkpt lat="32.721849" lon="51.506435"><ele>1806.909</ele><time>2026-09-25T08:20:58Z</time></trkpt><trkpt lat="32.721670" lon="51.506514"><ele>1803.041</ele><time>2026-09-25T08:21:14Z</time></trkpt><trkpt lat="32.721439" lon="51.506676"><ele>1800.647</ele><time>2026-09-25T08:21:36Z</time></trkpt><trkpt lat="32.721307" lon="51.506836"><ele>1797.896</ele><time>2026-09-25T08:21:50Z</time></trkpt><trkpt lat="32.721302" lon="51.506853"><ele>1797.868</ele><time>2026-09-25T08:21:51Z</time></trkpt><trkpt lat="32.721270" lon="51.506905"><ele>1798.241</ele><time>2026-09-25T08:21:56Z</time></trkpt><trkpt lat="32.721241" lon="51.506957"><ele>1796.857</ele><time>2026-09-25T08:22:00Z</time></trkpt><trkpt lat="32.721237" lon="51.507171"><ele>1795.499</ele><time>2026-09-25T08:22:17Z</time></trkpt><trkpt lat="32.721261" lon="51.507303"><ele>1794.443</ele><time>2026-09-25T08:22:26Z</time></trkpt><trkpt lat="32.721140" lon="51.507387"><ele>1793.978</ele><time>2026-09-25T08:22:53Z</time></trkpt></trkseg></trk></gpx>